variable,mean,median,sd,mad,q5,q95,q16.7,q83.3,Sp
b_Intercept,3.4607564746278543,3.45783937894701,0.6045848594742466,0.6105210747309641,2.487043585550589,4.450157075263256,2.8616357119837117,4.044564444877562,Apatura iris
b_YearRescale,8.858927693918225e-4,8.886022290145307e-4,0.024994110459582042,0.024350111387395266,-0.03984527796804417,0.042043197814245245,-0.023202241555505432,0.024782743971934817,Apatura iris
b_Temp,-0.011248307579275245,-0.011190979408216091,0.004048052144508383,0.0038725001430455243,-0.018098491004221076,-0.004647391545409808,-0.01503145007739655,-0.007526905950861362,Apatura iris
b_Latitude,0.0031877523340992633,0.0032273921689098418,0.011734364432579409,0.011876647878162316,-0.01602669335533764,0.022073391053883267,-0.008074336755402355,0.01476358287832394,Apatura iris
b_Sexmale,-0.0635558122619407,-0.06339716607649447,0.01238290867410082,0.012154924711427116,-0.08357658289427192,-0.04316403212269438,-0.07588650906122976,-0.051390305930098565,Apatura iris
b_Sexundetermined,-0.0016171361025643478,-0.0016213055827542812,0.015509694560606219,0.01508869896600825,-0.027521159501454066,0.023456869301359925,-0.016558332406782745,0.013183174875064813,Apatura iris
sigma,0.0615504742867791,0.06142609677984304,0.0038616128698582297,0.0037792404622906633,0.05541098824652109,0.06820689718728445,0.05784926994055562,0.06523933543049183,Apatura iris
Intercept,3.5355278728408983,3.5355457344447845,0.005555804737536484,0.005346489619472396,3.5264329927418694,3.544728627100166,3.530199646246851,3.5408003627486546,Apatura iris
lprior,-3.1417555576477816,-3.141750676875654,6.62869851731576e-5,6.500149623380329e-5,-3.1418713735409205,-3.1416570945764493,-3.1418189773228513,-3.141690497244135,Apatura iris
lp__,164.46359421773275,164.7980499565333,1.9404747004555172,1.8099909317059308,160.77001630147964,166.93711527003612,162.74194005620654,166.285811436244,Apatura iris
b_Intercept,3.203232623483497,3.2076902781169796,0.36465962796861967,0.37637747663499127,2.609270678480176,3.8036990014886065,2.844825786486218,3.556329476979803,Thecla betulae
b_YearRescale,0.07029992145439716,0.07002776403649155,0.0226040174362439,0.022397301213686764,0.03368453471644433,0.1072512896017542,0.0484172504570765,0.09266720415820684,Thecla betulae
b_Temp,-0.006316294933114932,-0.006301533725698661,0.003870665498342532,0.003845031771942914,-0.012773536918604713,9.70273969076922e-5,-0.010011422316307816,-0.002625461932657865,Thecla betulae
b_Latitude,-0.006797414229776197,-0.00681512973140732,0.006765051230928978,0.006967434458965779,-0.01786410383867961,0.004225682449520282,-0.013330091629766469,-9.228794008284656e-5,Thecla betulae
b_Sexmale,-0.022934541865274573,-0.023007730559575716,0.009486618765077379,0.009544354828852991,-0.03820754621960203,-0.007633773302354778,-0.032075371162423295,-0.013673697333085585,Thecla betulae
b_Sexundetermined,-0.002322806544560188,-0.0026027841345919373,0.011649579507905334,0.011683645847030568,-0.020986158817812503,0.016980956030983076,-0.013348637412265035,0.008920553527050148,Thecla betulae
sigma,0.05240783775025228,0.052224886504246296,0.00295619065578336,0.0028751968433047273,0.047873898837604456,0.057606631800119025,0.049546505676065264,0.05528295513228414,Thecla betulae
Intercept,2.840101310103136,2.8400980661596416,0.003988216575668511,0.0040222966885103024,2.83359252535822,2.8465695950539085,2.836310950754746,2.8440012285347924,Thecla betulae
lprior,-3.187425994505536,-3.187423341479212,5.497423542984534e-4,5.573049271466826e-4,-3.188328282249551,-3.1865369000831683,-3.1879515488385297,-3.186888202564023,Thecla betulae
lp__,247.28931687079498,247.65392162084265,1.966209979249343,1.7442533490654446,243.51749524874825,249.78417466538644,245.52465777083904,249.10288634717966,Thecla betulae
b_Intercept,3.3636024806730536,3.369583879697692,0.8641707662108917,0.8416560307216419,1.9202176131523483,4.768402172696843,2.5434190843801945,4.193083726412149,Papilio machaon
b_YearRescale,0.06489232669483275,0.06477534943815266,0.02247597594556609,0.022787140572579183,0.027945204111406222,0.10142734682750844,0.04331711607347075,0.0870080280398384,Papilio machaon
b_Temp,0.0013839551690738312,0.001444412375019221,0.004929065140131322,0.004977372914438907,-0.006617425089451618,0.009602613949007993,-0.0033580225778007044,0.006078336768302333,Papilio machaon
b_Latitude,0.0036608334932069072,0.0034825375829506617,0.01646038027817622,0.016045311120351412,-0.02312958562290425,0.031406751702869495,-0.012173261284275575,0.01920523853883247,Papilio machaon
b_Sexmale,-0.07309986600869037,-0.07279000975353472,0.03225986358508468,0.03271905194858131,-0.125693053232438,-0.020377394246651668,-0.10442820505208365,-0.041607345155510664,Papilio machaon
b_Sexundetermined,-0.03711049439275841,-0.03689318240254334,0.01550601285134131,0.01583744622961575,-0.06314727411312149,-0.011797748107055661,-0.051834434302620025,-0.0219935112330728,Papilio machaon
sigma,0.06919206401355672,0.06902962055251022,0.0039411162842694445,0.004005439879112917,0.06310425430920448,0.07564807859994242,0.06528329594825899,0.07298861264831549,Papilio machaon
Intercept,3.6325909583002862,3.632508847720625,0.0054193568976645175,0.005436941269727941,3.6237853279630827,3.641654966421923,3.6272271081937593,3.637832615324325,Papilio machaon
lprior,-3.1436017266679137,-3.143593903987849,1.65497073351481e-4,1.6562439465223918e-4,-3.1438850314790034,-3.1433452204009207,-3.1437610649670478,-3.143441797580044,Papilio machaon
lp__,202.74564719893215,203.04717158203283,1.8416692830398724,1.7085667804045834,199.22072563281174,205.18622316099206,201.02223819004936,204.48703582239384,Papilio machaon
b_Intercept,3.3323344848836474,3.328374545232052,0.7925710745480934,0.78346351667781855,2.051578582573418,4.638282023789609,2.579713978608637,4.1064471226733215,Nymphalis polychloros
b_YearRescale,-0.022292573498538817,-0.022771879876220234,0.03063769107262392,0.031021496942263044,-0.07229597666877126,0.02846058698866212,-0.05198533037672699,0.0069758832107283085,Nymphalis polychloros
b_Temp,-0.006816493978345686,-0.006809236506948592,0.006570948424954857,0.006687581047137609,-0.017414414568638452,0.003884767905552661,-0.01329114339795096,-3.860003683860867e-4,Nymphalis polychloros
b_Latitude,0.002676608870997296,0.002753854740615065,0.015177983499034944,0.014981952882676229,-0.022288515616341396,0.027334498463861115,-0.011890552582069414,0.017258844117327192,Nymphalis polychloros
b_Sexmale,-0.052289079335641135,-0.05187826194681525,0.03772232473277305,0.03738784775442829,-0.11400726953999903,0.009431213802541976,-0.08778822997756322,-0.016339813255960504,Nymphalis polychloros
b_Sexundetermined,-0.008256127670932846,-0.008224649096627387,0.02230868110893958,0.022086426972963244,-0.04505066757102252,0.028710341349963045,-0.02942940866699728,0.01345453802436594,Nymphalis polychloros
sigma,0.07564417112603704,0.07541114474035052,0.0039013410183204355,0.003841976861957227,0.06942911743812055,0.08237676775798053,0.07199638732097315,0.07935762848891806,Nymphalis polychloros
Intercept,3.341577276802567,3.341600933056507,0.005404181348522415,0.005440346562648123,3.332943486557431,3.3505767714412635,3.3363763585490886,3.346758141421514,Nymphalis polychloros
lprior,-3.14450226810568,-3.144499979661278,1.9064661308454748e-4,1.9045715626541692e-4,-3.144821287813314,-3.1441970061055233,-3.144687487402953,-3.1443164883199435,Nymphalis polychloros
lp__,224.07669929923281,224.36220605984442,1.894596107517078,1.8006626138210233,220.5908464768363,226.59431374660872,222.3758201572598,225.849288376319,Nymphalis polychloros
b_Intercept,3.347950177505515,3.347137604455906,0.3268909283275905,0.3225490993083736,2.811167135312647,3.8907630534242714,3.040515389433866,3.657849213285077,Celastrina argiolus
b_YearRescale,0.04958840552094324,0.049763641918875834,0.015933841085167634,0.01629054031182248,0.023248517228048562,0.07552807034924115,0.0341131635138677,0.06559472507254409,Celastrina argiolus
b_Temp,-0.01064709551372688,-0.010607999726062018,0.004043872159288272,0.004108890514722352,-0.01726621773498882,-0.004079028366231502,-0.01450784609243207,-0.00664681558342904,Celastrina argiolus
b_Latitude,-0.010735484117677266,-0.01068689314012106,0.006031969163148038,0.0059234932429032255,-0.02070144338643857,-9.620364295432178e-4,-0.01645186885023957,-0.004998033169736513,Celastrina argiolus
b_Sexmale,-0.007771941484970561,-0.007963145224468272,0.00809807318406463,0.008171910054942695,-0.02118121676818359,0.00514663676300627,-0.015430226030581598,5.345876967171505e-5,Celastrina argiolus
b_Sexundetermined,0.018791753125425633,0.01866405541798257,0.011309866081108788,0.011438664189703674,4.4169860301758435e-4,0.0368786475042964,0.007687141602327153,0.03020400254451996,Celastrina argiolus
sigma,0.06326480475717677,0.06319044920631087,0.002595576388459967,0.002533007584009913,0.059075608273904005,0.06770347876155278,0.060776099409848204,0.06573552558897744,Celastrina argiolus
Intercept,2.7113820473979873,2.7114099973198975,0.0036547121732683394,0.003690153176327238,2.7054869057025392,2.717301352567821,2.707829196386518,2.7149683303120495,Celastrina argiolus
lprior,-3.2069023782536092,-3.2069004344088863,5.9683378521807e-4,5.937277854014566e-4,-3.2078761580480966,-3.2059404826568345,-3.207486364635286,-3.206309531789307,Celastrina argiolus
lp__,401.279400777942,401.5846978753631,1.9345315018057996,1.8178432192174925,397.6419926828148,403.7784279768401,399.57492117305594,403.10802614642614,Celastrina argiolus
b_Intercept,2.7021355552431814,2.7046858066619333,0.25032684027422025,0.24393888375769446,2.2937147677282637,3.108666804918829,2.4603161866567107,2.941956315989014,Pieris brassicae
b_YearRescale,-0.007252476936149403,-0.007292012020514965,0.009733485176471761,0.009446734538343628,-0.023017953304445005,0.009003711562000086,-0.016691311170808548,0.0020093981118192964,Pieris brassicae
b_Temp,0.0062209382530838565,0.0062071040197585695,0.0021947100287669314,0.00222153210331727,0.002669557645822008,0.009849395201535879,0.00405101980748035,0.008374624239300639,Pieris brassicae
b_Latitude,0.012535706119441069,0.012505593951027473,0.004692784783597928,0.004580667667846996,0.004986465046362338,0.020232913225176632,0.007971449369558818,0.016995632858658488,Pieris brassicae
b_Sexmale,-0.026019729687313385,-0.026101790663524214,0.004859525032113313,0.00485537436300439,-0.03400935677070954,-0.01786231373106296,-0.030650534655216506,-0.021387918217723557,Pieris brassicae
b_Sexundetermined,-0.007084767090134442,-0.007058751763356994,0.0061616770425901215,0.006166890990803033,-0.017092938996752804,0.002855559869879406,-0.01298117989919871,-0.0010252274720124986,Pieris brassicae
sigma,0.03967948078638964,0.03964913793308997,0.0015282468062076664,0.001492605266085777,0.0372348072223929,0.04220307726215616,0.038171522447327626,0.041133903760237164,Pieris brassicae
Intercept,3.4111214590194963,3.4111317023871477,0.00213280710109602,0.002117504736683237,3.40759926352433,3.4146468814432964,3.409078837269906,3.4131274372554885,Pieris brassicae
lprior,-3.142223076082946,-3.142222069329038,4.20103387138905e-5,4.199890977474929e-5,-3.1422937460212346,-3.142156073999921,-3.1422636212492585,-3.142182931811857,Pieris brassicae
lp__,616.2541081608405,616.645054089181,1.9579536759270582,1.6989004372646688,612.4257252568042,618.7344817405665,614.5365276123988,618.0440215136941,Pieris brassicae
b_Intercept,2.6500532268215804,2.654877521592499,0.2743297105924182,0.27794655197839124,2.195468292340904,3.080487645274882,2.3878639015145238,2.916802472315336,Satyrium w-album
b_YearRescale,0.004837599347454664,0.004848548104307746,0.014448143607974558,0.014787325999203805,-0.01852478042344958,0.0288866509930248,-0.009296450836847228,0.0189244151496093,Satyrium w-album
b_Temp,0.007208215718203782,0.0072102777286291485,0.0025354613234059202,0.0025320267039678226,0.0030628402695338447,0.01144894561153711,0.004771899875078627,0.009605003416887097,Satyrium w-album
b_Latitude,-3.253710605677463e-4,-3.5039942130457667e-4,0.005047427925984558,0.005115574064292642,-0.008317202950958367,0.007977389115238797,-0.005249027679416084,0.004403047938145862,Satyrium w-album
b_Sexmale,-0.03187237398882239,-0.032038114465245876,0.006814221674854695,0.006837401403928648,-0.04284206812154834,-0.02051097120012295,-0.038412337022247965,-0.025257462453889525,Satyrium w-album
b_Sexundetermined,-0.002163494907635029,-0.002172384993452271,0.007053315497318375,0.006843345995274463,-0.01376304568026685,0.009472556078746485,-0.00896203386380416,0.004525752403711062,Satyrium w-album
sigma,0.05170832808020932,0.05163721849645143,0.002045207471592373,0.00203490415225742,0.04845040973450486,0.05514478188328167,0.04977157709284146,0.05365055983970378,Satyrium w-album
Intercept,2.708904658662626,2.708873219067544,0.0027489330495383416,0.0027188023039815146,2.7044651052098683,2.7134701810356963,2.7062825994226234,2.7115389028896977,Satyrium w-album
lprior,-3.2071638486018,-3.2071668493127996,4.489206129192907e-4,4.4575473604250855e-4,-3.2078860420521336,-3.2064117654672737,-3.2075952456905807,-3.2067344488389926,Satyrium w-album
lp__,528.5237652928498,528.8597846966338,1.8707468868193886,1.740055574551156,524.957841183128,530.9130081576418,526.79366122207,530.2778296048549,Satyrium w-album
b_Intercept,4.35532854863295,4.358082095712714,0.6615430662392947,0.6686012199473874,3.266998733801712,5.442780933702171,3.7305439475699007,4.996574453863167,Satyrium pruni
b_YearRescale,-0.012138211107204989,-0.012086423136108146,0.016424909102590885,0.01618419221680027,-0.03966694593868259,0.014776056944577008,-0.028180270614471446,0.0038358012588506707,Satyrium pruni
b_Temp,-8.388723107646927e-4,-8.568291729418116e-4,0.0018795009410791901,0.0017930277452847616,-0.003982868810376636,0.002263300591436646,-0.002618594839982968,9.351424091999175e-4,Satyrium pruni
b_Latitude,-0.030072822908136856,-0.03009292883697176,0.01241219702654202,0.01247627752132113,-0.050544358441869434,-0.009591879316837087,-0.04205441710041479,-0.018269442571089263,Satyrium pruni
b_Sexmale,-0.038339930866826626,-0.03841934289059997,0.005404694800696978,0.005301951182899965,-0.04721682652284863,-0.029515215014932192,-0.04340245888418758,-0.03306140658448642,Satyrium pruni
b_Sexundetermined,-0.002952079228374504,-0.002870844330701487,0.005359253091496882,0.0053851345659195705,-0.011696261693334405,0.005891218297655232,-0.007986584969297179,0.0021922700861272833,Satyrium pruni
sigma,0.04324098363973968,0.043220245699109316,0.0015585598599776452,0.0016067254058698727,0.0407934746353553,0.0458638641658505,0.04167466667345014,0.04476416549759209,Satyrium pruni
Intercept,2.745176237213298,2.7451554160209777,0.0021549444756396776,0.002104267148619919,2.7416447241438484,2.748736838514424,2.743116104484976,2.7472421674860854,Satyrium pruni
lprior,-3.201281322522125,-3.201280593312804,3.368151451000018e-4,3.3061248962634564e-4,-3.2018357110094287,-3.2007295863325673,-3.2016061112012046,-3.200961721431769,Satyrium pruni
lp__,643.2745410886047,643.608421932407,1.847730250691779,1.683384701068946,639.7918434247462,645.6457581129118,641.5724252717689,644.9994077731966,Satyrium pruni
b_Intercept,2.9764125003335447,2.974538455989243,0.259295095573431,0.2688698166201116,2.5571201725913126,3.390228654357987,2.7203603483415857,3.229585614400888,Pieris rapae
b_YearRescale,-5.161496507822483e-4,-6.15577223352076e-4,0.014077515460872304,0.014025308341306638,-0.023419747951506916,0.022703314639346273,-0.014245732263164843,0.012817844425122574,Pieris rapae
b_Temp,-0.0043128436357578155,-0.004324814511846644,0.002334356661977828,0.002330846764435972,-0.008117694341851193,-4.463466509630741e-4,-0.006543798671102724,-0.0020979886951343184,Pieris rapae
b_Latitude,0.004230559062677363,0.004282866902805297,0.00495388800862834,0.00507324016815052,-0.0038319339830298746,0.012130988347656907,-5.594508993979609e-4,0.009131237325434223,Pieris rapae
b_Sexmale,0.02151700217836279,0.021578427735467264,0.006235587489406861,0.006123789584933191,0.011361842300892464,0.03184797985811798,0.015376560217274616,0.027470176740056494,Pieris rapae
b_Sexundetermined,0.008659062873002247,0.008680176490148264,0.0074240140791882025,0.007454516861344998,-0.0034235044489603723,0.02064313831255664,0.0013673385069287508,0.015832009159672575,Pieris rapae
sigma,0.0567891163794753,0.05674137818518388,0.0019467653644131804,0.0018808917920401817,0.05361481870908787,0.06010938851063481,0.05492564772627015,0.058650475048649606,Pieris rapae
Intercept,3.138350103008475,3.138365270584705,0.002666077659433582,0.0026510985574089503,3.133962483952351,3.1427176352473922,3.1358037877849947,3.140916404265127,Pieris rapae
lprior,-3.155459669446439,-3.15545871566339,2.049274206942318e-4,2.008579718677717e-4,-3.155798447692965,-3.1551285935671483,-3.1556532382402738,-3.15526339803173,Pieris rapae
lp__,639.5170851811531,639.8916931701178,1.872775780022858,1.6458255583377437,635.781164048858,641.9231207972829,637.8732553076213,641.2148824214216,Pieris rapae
b_Intercept,4.028722378405292,4.027815439233186,0.2516613068820833,0.25236219713882013,3.619364688367228,4.439110140480187,3.7837636649829363,4.271977338332217,Polygonia c-album
b_YearRescale,0.006953417147518108,0.007146126812896793,0.014319171063396242,0.014235953750524423,-0.016547400445668846,0.030468977241486627,-0.006902618811897226,0.020819347767281345,Polygonia c-album
b_Temp,-0.005663388106150687,-0.00565121299273107,0.002344558141058494,0.0023696245740107867,-0.00955091477231858,-0.0018502652313929799,-0.007931344813698756,-0.0033732691236633017,Polygonia c-album
b_Latitude,-0.015777122861097843,-0.015753238204326902,0.00457022335960876,0.004552514924996967,-0.02336891428624711,-0.00836814890766765,-0.020220710943586635,-0.01134846315931854,Polygonia c-album
b_Sexmale,-0.021749978889469154,-0.021757374856062935,0.005450284051134821,0.005659438325671884,-0.030586670605645922,-0.012797092316083983,-0.027065671763751145,-0.01632291951291896,Polygonia c-album
b_Sexundetermined,0.02608187064661792,0.025973680602142335,0.005990616816123731,0.005952859549245381,0.01623432106049987,0.036203686083577505,0.02054149010704248,0.03198862297941808,Polygonia c-album
sigma,0.04884733720594655,0.04884265542749687,0.0015720520004477313,0.0015902665286298113,0.04625034890878525,0.05148880653110635,0.047328873762527535,0.050343932211662244,Polygonia c-album
Intercept,3.1433883340132174,3.143364147269479,0.0023124629342070194,0.002358877318882815,3.139681454344336,3.1471360775680353,3.1411927010439045,3.1456281074916572,Polygonia c-album
lprior,-3.1549865069984735,-3.1549873707801392,1.7558578530583988e-4,1.7776950497952931e-4,-3.1552684405422387,-3.1547009278753664,-3.1551558183334096,-3.1548155706590695,Polygonia c-album
lp__,740.4306843305302,740.7315075852085,1.8517908568347574,1.7029243562769807,736.9456295757066,742.8686169528365,738.7530099227245,742.1690255179325,Polygonia c-album
b_Intercept,2.8432621852326894,2.8458573277831465,0.16162762842605816,0.16279713453915487,2.5775849729203455,3.1041632941126527,2.685242404352557,2.996970124803986,Pararge aegeria
b_YearRescale,0.03304371815588371,0.033171316692272065,0.009676765794852564,0.00948712880574486,0.01694737697101476,0.048961971848101284,0.023726278949365524,0.04225426133589151,Pararge aegeria
b_Temp,-0.004761481022316249,-0.004754947157425727,0.001878151978290947,0.0018714296715696642,-0.00786449725329902,-0.0017105635660949869,-0.006553448058443926,-0.002960206634395134,Pararge aegeria
b_Latitude,0.004504982007853289,0.0044887592074352774,0.0031025286180860786,0.003131775845789675,-4.8143632090430824e-4,0.00966174482565256,0.0014937590967679742,0.007535392469294574,Pararge aegeria
b_Sexmale,-0.04470927103968899,-0.044768880213509055,0.004587336331925537,0.004623940507466015,-0.05212082572135084,-0.03714709535349749,-0.049176501670019634,-0.04018188429669667,Pararge aegeria
b_Sexundetermined,-0.014634596242634863,-0.014680261627681901,0.005732302690120107,0.005778572363603607,-0.02397098040177157,-0.005126079245132639,-0.020182077707104035,-0.008970376625606215,Pararge aegeria
sigma,0.04248890552934201,0.04244404630411516,0.0013683418974601933,0.0013332950629197087,0.04026792444662073,0.04482151767497644,0.04118743675923402,0.04378589854110718,Pararge aegeria
Intercept,3.0233285548296887,3.023322252240507,0.001953270106224415,0.001890617040252033,3.0200535409060723,3.026519622978118,3.02151349018326,3.025166808395839,Pararge aegeria
lprior,-3.1654957946737707,-3.1654947813874665,1.966653178660081e-4,1.8821822506716334e-4,-3.1658282753501092,-3.165174927109519,-3.1656800830526954,-3.1653111469649966,Pararge aegeria
lp__,813.7575521139588,814.0982197235004,1.871889122211785,1.7388122149291383,810.2915164195111,816.1762614833794,812.0603420273642,815.4853723569048,Pararge aegeria
b_Intercept,3.339912982362106,3.3404226624424185,0.2203636390637428,0.21942757465754373,2.984396824177499,3.7091997213501298,3.13181089782182,3.5506363462309385,Gonepteryx rhamni
b_YearRescale,0.010042695431417515,0.010015583670571992,0.008651889968570792,0.008659295636513771,-0.004090609122990913,0.02408220551275546,0.0017386080109461854,0.018217907688285705,Gonepteryx rhamni
b_Temp,-0.0035643423624402543,-0.0035657664182365155,0.0017926452372958545,0.0018002470537319885,-0.0065384634814641095,-7.175792674385838e-4,-0.005302113557314287,-0.0018213665116919937,Gonepteryx rhamni
b_Latitude,6.066470522695883e-4,6.286312868174399e-4,0.0041179982593274244,0.004123393978817649,-0.006207307285561405,0.007330072458113601,-0.003315281842261575,0.004470303777668713,Gonepteryx rhamni
b_Sexmale,-0.014206077046233804,-0.014301710139259365,0.004351596441958922,0.004281714402992164,-0.021194850003365375,-0.007071523071207082,-0.018401457681203805,-0.010044796178256344,Gonepteryx rhamni
b_Sexundetermined,0.02648290875036689,0.026450740067511577,0.005753807985123826,0.005635224339075273,0.016983508688844923,0.035927615892558086,0.020972967261552487,0.03204073040744966,Gonepteryx rhamni
sigma,0.04164937324881486,0.04160799506584986,0.0013645394896779856,0.0013466554921361044,0.03947912995625684,0.04395307389942539,0.040341520604702995,0.042979038601371956,Gonepteryx rhamni
Intercept,3.332205443334451,3.332219837183379,0.0019279042830790236,0.0019517351664458881,3.329020996892217,3.335345626430453,3.3303526859630708,3.3340712482110555,Gonepteryx rhamni
lprior,-3.1443985473220333,-3.1443972706748093,7.02180735961851e-5,7.18125182504743e-5,-3.1445157020051573,-3.144286133191177,-3.1444668269359646,-3.144329586797178,Gonepteryx rhamni
lp__,844.5243384028738,844.861857654649,1.935384382541358,1.740825036062323,840.8131996380853,847.0299370458522,842.8010251745186,846.3243380213877,Gonepteryx rhamni
b_Intercept,2.584434870454194,2.5897204171609203,0.26626846740109106,0.2672925355554694,2.1409379657239427,3.0337680562189004,2.320314693255008,2.837822730246804,Favonius quercus
b_YearRescale,0.024267236539644844,0.023979785689081178,0.011065737205226881,0.011121928634599317,0.0065484217017991635,0.042588111610842576,0.01375338922492659,0.034939896166219356,Favonius quercus
b_Temp,-2.0425867425971276e-4,-1.7717907870898341e-4,0.002469058915136408,0.002500712482027154,-0.0042505069940637465,0.003833680703128698,-0.002585306045914958,0.002137656845535371,Favonius quercus
b_Latitude,0.0024051008424858696,0.002319722122278518,0.00498152050860856,0.00500372480478511,-0.005887659634282081,0.01061794223000757,-0.002351996154461895,0.007229716829735981,Favonius quercus
b_Sexmale,0.032722376794044133,0.03260730817532741,0.0058373431120325855,0.005882993159270842,0.02316816142056878,0.04238864302781564,0.027133632020164604,0.03833569541352899,Favonius quercus
b_Sexundetermined,0.029954059864650218,0.029853166370178055,0.007081523196993168,0.007126707055226653,0.018359188670098107,0.04159941484111699,0.022969612731726166,0.03681473189949825,Favonius quercus
sigma,0.05861701829963606,0.058591653305967856,0.001835929997294423,0.0017976356861553167,0.055617201488466717,0.06168808695573814,0.056863642110366736,0.060375323113071304,Favonius quercus
Intercept,2.757577646943523,2.757574650489259,0.002563041317400326,0.002570121378536279,2.753413024043064,2.7617353367319586,2.7551162661161674,2.760124293010444,Favonius quercus
lprior,-3.1995255493383685,-3.199526127958375,3.9488942178171615e-4,3.9710956404361366e-4,-3.2001671289215947,-3.1988876616458404,-3.199903599238373,-3.199133761376896,Favonius quercus
lp__,695.4695104347167,695.8007597751148,1.8155219798462563,1.6415806720186101,692.1079474488217,697.7705872086012,693.8235800419093,697.1280512374633,Favonius quercus
b_Intercept,3.3575357634700826,3.358853981295977,0.3349641117013482,0.3446418359525909,2.8104880960787493,3.8937691977784303,3.0272292944828108,3.682284869978743,Aglais io
b_YearRescale,-0.0018968358763219182,-0.001933849474684753,0.015711067017782538,0.015770552525780555,-0.028275458390376103,0.023974362282312672,-0.017034774045849358,0.013552966026345573,Aglais io
b_Temp,0.001984064682809254,0.0020186335663850766,0.0035257333387550506,0.003631698018836344,-0.003910688963003042,0.007703593158266238,-0.0014075063927113812,0.00540920044743502,Aglais io
b_Latitude,-0.0012199770043869141,-0.001280629066083986,0.0062878486656964706,0.006353201833455034,-0.011419965737108899,0.00923026455460791,-0.007296441341449452,0.004912460471121384,Aglais io
b_Sexmale,-0.07085563870746982,-0.07073990011225532,0.01735591346158269,0.0168120462208048,-0.0998549825448783,-0.041704292483349094,-0.08758322902194546,-0.054274048554272154,Aglais io
b_Sexundetermined,0.0067332515509151486,0.006649884147437533,0.015164732644837014,0.01499314532519788,-0.0180580945072158,0.03165996675100777,-0.007960426427847993,0.02107702467119779,Aglais io
sigma,0.0749019454562239,0.07481065371167095,0.002324656005261146,0.002303227527439083,0.07123674045807145,0.07881566001294323,0.07264100238378321,0.07713130003309648,Aglais io
Intercept,3.3185860434925507,3.3186418149140895,0.00333569192121314,0.003373438364601229,3.3131048664458733,3.3240987027162126,3.315339058408139,3.3218090983912054,Aglais io
lprior,-3.145319513041284,-3.1453175231103554,1.3445139045126917e-4,1.3696734699875055e-4,-3.1455427400488016,-3.145101157797117,-3.1454496293061815,-3.145190629591035,Aglais io
lp__,587.1216347001875,587.4500051001414,1.8926355102274877,1.7711660268534533,583.553559571474,589.5437416456596,585.4191035971731,588.8997465623892,Aglais io
b_Intercept,1.9984412801666958,2.0026623950208817,1.3779403359468365,1.3939248872138221,-0.24846267707248582,4.2527665780865025,0.6476852828006078,3.3323009955322402,Thymelicus acteon
b_YearRescale,0.0391410932798333,0.03916799617523152,0.009397397977837204,0.009599251006041875,0.023211037416441118,0.05406307374460458,0.030099173433491368,0.04828067010062141,Thymelicus acteon
b_Temp,0.007307223897169357,0.0072996601992287285,0.002709080501319443,0.0027011702235495484,0.002810451842266212,0.011799093762339615,0.004724475443275308,0.00985982737702068,Thymelicus acteon
b_Latitude,0.005456315781822539,0.005310207799353626,0.02707511077744739,0.027390952190129162,-0.038833172779205775,0.04947134643361746,-0.020786988127459226,0.03210995871874375,Thymelicus acteon
b_Sexmale,-0.0479534108003905,-0.048019762847632236,0.004837536039653159,0.004693120120017251,-0.05578584518654602,-0.03977149972969986,-0.05252005209424519,-0.043367460995018536,Thymelicus acteon
b_Sexundetermined,-0.013815748826701403,-0.013975071812966089,0.007577184163619588,0.007832183762816303,-0.02590642042763009,-0.0012277877543305984,-0.02116126757335705,-0.006347380727926727,Thymelicus acteon
sigma,0.052165331849618406,0.05210429829247899,0.0015687987564018517,0.0015688932745630926,0.049648446518444946,0.05477973911499769,0.050655462126277286,0.05368853323938293,Thymelicus acteon
Intercept,2.3863083143501123,2.38631984765253,0.0022270415050068436,0.0022089712536752853,2.3826142830666655,2.389970581659457,2.384152975155705,2.3884650603832553,Thymelicus acteon
lprior,-3.2696106463851313,-3.269606684170803,4.966888025326711e-4,4.910156600354219e-4,-3.270434332357489,-3.2687921755863276,-3.270087062974845,-3.2691317578456522,Thymelicus acteon
lp__,828.96619565391,829.277342019341,1.8523922683670224,1.7429647837769413,825.5690101614101,831.3563831577397,827.2455808231991,830.7134710328772,Thymelicus acteon
b_Intercept,7.356499764702317,7.364163009509172,2.7146895283263026,2.732751260632127,2.8726443121905514,11.835057224566665,4.758602435506191,9.954225687192324,Melitaea cinxia
b_YearRescale,0.059970233668524685,0.06007418075132437,0.011985442236155455,0.01213441232620009,0.04033747246184015,0.08012938699053568,0.048291612664430814,0.0713974932895125,Melitaea cinxia
b_Temp,0.005165418445491776,0.005192948202312693,0.002557103227156342,0.00251128467848527,9.751313099342895e-4,0.009383152154021787,0.002726336541855486,0.007613731245350384,Melitaea cinxia
b_Latitude,-0.08854361566856611,-0.08861258510218595,0.05360662142190199,0.05405952982420639,-0.17685358894819314,3.792816343297105e-4,-0.13977062386933084,-0.03704589925953325,Melitaea cinxia
b_Sexmale,-0.0680140679005862,-0.06804939123155046,0.0070257721598851516,0.006976038670291827,-0.07955298377086345,-0.056239493786090805,-0.07482874956363395,-0.061210842593538206,Melitaea cinxia
b_Sexundetermined,-0.03003925925074848,-0.030087793853046288,0.00747540591475271,0.007728867321201867,-0.04204230613261543,-0.017753774512896628,-0.03725826189133803,-0.0226050691458569,Melitaea cinxia
sigma,0.07316617725754174,0.07308019216330588,0.0021627265390250557,0.0021472228281563276,0.0697104015676572,0.07686509785052414,0.07111986312130887,0.07525336097679002,Melitaea cinxia
Intercept,2.956758022409933,2.9567208940584155,0.003033645123103004,0.0030409308168698754,2.951779543867306,2.961842725713333,2.9538321109477925,2.9597061429052522,Melitaea cinxia
lprior,-3.1730177935735497,-3.1730213930781335,3.479189015764455e-4,3.515378461614746e-4,-3.173593108660774,-3.172439264986437,-3.1733562584821553,-3.1726812228692047,Melitaea cinxia
lp__,692.2723830240257,692.6147630260716,1.9104136089517547,1.777774177986315,688.5953379643965,694.7586811541036,690.5461473553943,694.0534363548064,Melitaea cinxia
b_Intercept,2.2593313478651558,2.2608610825448965,0.45169198207920896,0.45790428267396266,1.5110566488742014,2.9985394587756216,1.8246490670664997,2.701855944052204,Carterocephalus palaemon
b_YearRescale,0.003975454781478213,0.004128899320257773,0.01222789932415313,0.012664589291021768,-0.016013394334789786,0.023928792558468574,-0.007956738837087689,0.016013460671366272,Carterocephalus palaemon
b_Temp,0.0013153839388723805,0.0013211308718492707,0.0015421852535030703,0.00152691412253471,-0.0012494762410938166,0.0038323775316599397,-1.554731811679855e-4,0.002800839479484665,Carterocephalus palaemon
b_Latitude,0.0048479718638901655,0.004783157513533409,0.008530755199729468,0.008587110192578136,-0.009105247640837116,0.019012672025293473,-0.0036150533876929103,0.013026883113130834,Carterocephalus palaemon
b_Sexmale,-0.03981222996603475,-0.039851633188429963,0.006099672832391641,0.005973143093047494,-0.04952382744145197,-0.029513483265899688,-0.04562481638578328,-0.033896074883949114,Carterocephalus palaemon
b_Sexundetermined,0.01346422342443783,0.013359276498298007,0.006056441178587467,0.006061561291752162,0.003724281487777625,0.023653015412017815,0.0076529926459578635,0.019351551015811444,Carterocephalus palaemon
sigma,0.05190998849550065,0.051875646974656325,0.001518128025829786,0.0014757199412973056,0.04948599445869209,0.054516150511204425,0.050429034795758165,0.053378196238639056,Carterocephalus palaemon
Intercept,2.535863620064601,2.53585964189124,0.002119927113194178,0.002056929860411056,2.532276762613746,2.539327536050849,2.533832155533938,2.5378918414822893,Carterocephalus palaemon
lprior,-3.238273506615482,-3.238276038212777,4.1598166926279536e-4,4.018019756934039e-4,-3.2389734382801323,-3.23759475260156,-3.238673014093869,-3.237874032642641,Carterocephalus palaemon
lp__,924.4222143132577,924.7493724549929,1.8946524694002445,1.7489959769817802,920.9421332520876,926.8190261656607,922.720778126638,926.1753355970914,Carterocephalus palaemon
b_Intercept,2.6738768575903644,2.67735206492406,0.17563722893836017,0.17371339872926211,2.388247741150749,2.9572254811401137,2.5050005083785356,2.8411338990027004,Lasiommata megera
b_YearRescale,-0.001619488793246714,-0.0015120669439662783,0.010135263295861166,0.009751811602243948,-0.018032646593065093,0.015157178069604434,-0.011363750198692867,0.008090970608170753,Lasiommata megera
b_Temp,0.0020938082099854296,0.002084925992195114,0.0018034005033505185,0.0017902359512644763,-8.682753819818324e-4,0.005068239634441171,3.475247946725748e-4,0.0038314420903427008,Lasiommata megera
b_Latitude,0.007563019192947798,0.007516385000611614,0.0033167232661833737,0.0032841825619746327,0.002242833802268483,0.013011902543252194,0.0043698521934610116,0.010753671958256612,Lasiommata megera
b_Sexmale,-0.06591293834524876,-0.06592888051509149,0.00436243609707677,0.004310385113211632,-0.07298862996715566,-0.05849210381466039,-0.07015039849454356,-0.06171496795119105,Lasiommata megera
b_Sexundetermined,-0.01786654809974874,-0.017749183034181482,0.006258213812852188,0.006342407535352184,-0.028398106070070348,-0.007699205916265032,-0.023998224805414487,-0.011932983110463855,Lasiommata megera
sigma,0.04905389609528699,0.04901909303235698,0.0014147310329313762,0.0014377140004128211,0.04674850787599728,0.05141139326038386,0.047697127158912084,0.050423840792297635,Lasiommata megera
Intercept,3.0598186727772143,3.059823039685444,0.0019714703301755925,0.00196697814380342,3.056670259032207,3.0630772659456014,3.057912921040894,3.0616788473777112,Lasiommata megera
lprior,-3.1620308839684172,-3.162028409826143,1.838595528459254e-4,1.8396800644403282e-4,-3.1623259800693218,-3.161728608919384,-3.1622080480907186,-3.161856712117155,Lasiommata megera
lp__,982.2209030705915,982.5532502301282,1.9275228358132717,1.7659444062576122,978.5783049431709,984.719416636529,980.4482408751176,984.0099150190055,Lasiommata megera
b_Intercept,2.5406286781897713,2.5388850834213272,0.2908538191397572,0.2917072789948084,2.063942377413724,3.0283898369016167,2.2590095146241995,2.823026555024576,Hesperia comma
b_YearRescale,-0.003481694038940787,-0.003611583026889301,0.011001153550809753,0.010738737856344886,-0.021525703455877093,0.014774045504252873,-0.013804041703181993,0.007098893404711739,Hesperia comma
b_Temp,0.005289990017475088,0.005286470091957648,0.0021285723478779548,0.002084386192405536,0.0017830656646930952,0.008715803818094768,0.0032693131863070087,0.007395887847706595,Hesperia comma
b_Latitude,5.430748210640058e-4,5.322223820612905e-4,0.0056317423304625734,0.005536923695273872,-0.008715249526749154,0.00995351122092972,-0.004943501548120863,0.0060243951734649335,Hesperia comma
b_Sexmale,-0.09374698237402347,-0.09371066957599458,0.005090217214107474,0.004911851468506811,-0.10227939221754306,-0.08548200588092464,-0.09866443410841597,-0.08882576557467557,Hesperia comma
b_Sexundetermined,-0.014524102607614896,-0.014633074993710075,0.006170188255960064,0.006134541935831055,-0.02475873996694509,-0.004192370270832439,-0.020403781969986025,-0.008608946936448696,Hesperia comma
sigma,0.057753418242774,0.057749050794908906,0.001645320156941691,0.0016343154561188615,0.05509197986421548,0.06050792178613633,0.056149298795718415,0.05931424741078995,Hesperia comma
Intercept,2.5987568958658582,2.598758679194487,0.0022832798611150218,0.0023196339214174057,2.5951218676160304,2.6025175227078003,2.596505061616722,2.6009786661650214,Hesperia comma
lprior,-3.2263832715099054,-3.2263834027963387,4.2107688451766906e-4,4.25038433564013e-4,-3.2270566743536158,-3.225690919725419,-3.226795155705208,-3.225970682621244,Hesperia comma
lp__,919.7943497199253,920.1051605853845,1.8788867966787093,1.770509257132825,916.2744686708845,922.221827062376,918.0954998857125,921.5584184209362,Hesperia comma
b_Intercept,0.23045698977601428,0.2318029863392561,0.30276384228269715,0.3099825856043065,-0.2670424158116102,0.7174369616130069,-0.06667401347775129,0.5261387048731295,Thymelicus lineola
b_YearRescale,0.05788658088919745,0.05794099073522391,0.010031584211217484,0.010212629847289014,0.04138418163943816,0.07447325960140513,0.048049752504601494,0.06780581441224252,Thymelicus lineola
b_Temp,-0.006079278275599072,-0.00605237797071537,0.0022183246272364696,0.002198733921547467,-0.009673470825014234,-0.0024344405302868955,-0.008180364146865106,-0.0039797513027831025,Thymelicus lineola
b_Latitude,0.044248306769339774,0.044233160495560614,0.005790933570046694,0.005917020637181992,0.03488859262525547,0.05379590392728488,0.038549107992295634,0.04991820396604421,Thymelicus lineola
b_Sexmale,-0.0675997888358976,-0.06753422837326903,0.004983423974434728,0.005010959598563861,-0.07583312352106286,-0.05966069687969843,-0.07254301413390746,-0.0627881972035612,Thymelicus lineola
b_Sexundetermined,-0.021433472951682114,-0.021439411906346288,0.00783197385465256,0.007854216430677475,-0.03431639312062134,-0.008672841348161778,-0.029000631575074272,-0.013725793948335964,Thymelicus lineola
sigma,0.061309417076347655,0.06126552690619162,0.0016418070174944413,0.0016749953995328017,0.058688954669946135,0.06411891540975956,0.05971904230145944,0.06289980881391839,Thymelicus lineola
Intercept,2.4814485888634374,2.481517618102616,0.00218329976201665,0.002195039493105844,2.4778132554218524,2.485063598369742,2.4793587292939545,2.4835544471330797,Thymelicus lineola
lprior,-3.249321590464968,-3.249306149863747,4.5089310235720426e-4,4.511274401527624e-4,-3.2500721094768235,-3.2485810541112174,-3.2497495300309924,-3.248888575005905,Thymelicus lineola
lp__,964.92950973887,965.2571105352649,1.8637327972952196,1.71673728177702,961.324545710896,967.3299668287384,963.2766078449913,966.6361777328458,Thymelicus lineola
b_Intercept,3.063506418130373,3.0650304755774123,0.2792015882844999,0.27623717204128656,2.5943997453469776,3.52424114011537,2.7901820199349947,3.331166189498514,Limenitis camilla
b_YearRescale,0.014514677166212119,0.014538433577388217,0.011793989260153567,0.011646711441287452,-0.004767453013768266,0.03372720669236352,0.0034063600059246616,0.026040038329414216,Limenitis camilla
b_Temp,0.0048750421970438565,0.004881239393575826,0.0017369167005405466,0.0017781373735797513,0.0020479270197780765,0.0076945968772553245,0.0031537075980418517,0.006554360157140091,Limenitis camilla
b_Latitude,0.0030661150732791617,0.0030181117010668734,0.005534810755493911,0.0054407870019309535,-0.006070713083525219,0.012324228711757739,-0.0023019823141336116,0.008337076586198026,Limenitis camilla
b_Sexmale,-0.03855741815925474,-0.03853254207906737,0.0047415433199712274,0.0047113140552401305,-0.046454185544844616,-0.030769634712061785,-0.04323269819095796,-0.033954747378992206,Limenitis camilla
b_Sexundetermined,0.02689629273101677,0.026873844105908103,0.005071690291159819,0.005048356911251433,0.018625231467168032,0.035224060402437404,0.02198923464366563,0.03181347171415029,Limenitis camilla
sigma,0.053622094913673306,0.053606746872473104,0.001372053791229222,0.0013732388732187115,0.05139802329490703,0.0558921059272252,0.05231057990179955,0.054940048833794206,Limenitis camilla
Intercept,3.289357602236331,3.289382422743716,0.0019842884250062687,0.001986806293492968,3.2860981253781523,3.292540972561192,3.287424220348766,3.2912694696329075,Limenitis camilla
lprior,-3.1462465106165864,-3.14624500507131,9.038660177415877e-5,9.052141231682124e-5,-3.1463946268699274,-3.1461032611301163,-3.1463350067935663,-3.1461588946599526,Limenitis camilla
lp__,1141.1877684950791,1141.521809038275,1.8904407640760745,1.6856540513947227,1137.4610317266342,1143.6417075115583,1139.543961942643,1142.9207299254983,Limenitis camilla
b_Intercept,3.203143645052345,3.2073007742499966,0.15278043318498258,0.15347654845939643,2.9487859702253223,3.4547682461205014,3.051687679204896,3.3521399529056968,Pieris napi
b_YearRescale,0.029689381391633622,0.02967324572274699,0.009593092287810955,0.00961283053468351,0.014103440550358271,0.04542780828660583,0.02038616957326261,0.038962567219352075,Pieris napi
b_Temp,-0.001848622681315883,-0.0018185461553927858,0.0016255367395112536,0.0016369303217744179,-0.004529951689472673,8.398679495705349e-4,-0.0034028300626857185,-3.198457962190113e-4,Pieris napi
b_Latitude,-0.0027124508989269666,-0.002792789132781491,0.002804515882759488,0.0027897359398329938,-0.007324915111179845,0.0019519076463717627,-0.005432443598032347,4.048533346252725e-5,Pieris napi
b_Sexmale,0.01828661771949552,0.01829070909896585,0.004301877382552362,0.004170094949448223,0.011103665699249695,0.025119762968304284,0.01422385981484161,0.022383708158104046,Pieris napi
b_Sexundetermined,0.013057203451235464,0.013087216508389858,0.005380867807518303,0.005419107118691063,0.0039602539694549,0.021915458161993126,0.00788962540758698,0.018308836722705016,Pieris napi
sigma,0.05392410927517665,0.05389089165901652,0.0013708854608764653,0.0013527204303233685,0.051733260647580125,0.05624796720547059,0.052598600279256426,0.055261231124805243,Pieris napi
Intercept,3.084641621452209,3.0846319517821206,0.0019299379737971673,0.0019235592560750627,3.08149255190952,3.0878049519399218,3.0827565499287175,3.0865265751303066,Pieris napi
lprior,-3.159840973880299,-3.1598419304634557,1.7015626759257446e-4,1.7062952946565057e-4,-3.160119333353673,-3.1595637992601393,-3.160005944788427,-3.159676337242131,Pieris napi
lp__,1144.6885783295786,1144.9961681041689,1.8466280312864647,1.781802803269393,1141.2440680766256,1147.0734411350727,1142.9532072207262,1146.4495147777793,Pieris napi
b_Intercept,2.5321848474137676,2.529579840968575,0.1394861339294698,0.14083656199692596,2.3027695720420818,2.762690655439479,2.397390259445141,2.6704787451270797,Leptidea sinapis
b_YearRescale,0.022182132930072065,0.022216771664329414,0.008747322216151283,0.008769503441824348,0.007918527949233629,0.036413334395926436,0.013569489755550708,0.030796576167710175,Leptidea sinapis
b_Temp,-0.005058428500441866,-0.005056517782952137,0.0014740927622245732,0.0014596869309698587,-0.007476468347792867,-0.0026796104170215404,-0.006483689181778919,-0.003651650035884971,Leptidea sinapis
b_Latitude,0.009031632009302288,0.009072641080872456,0.0027198119764225933,0.0027334743897327644,0.004525107716776147,0.013436840626743269,0.00639667960447682,0.011624850115825794,Leptidea sinapis
b_Sexmale,-0.003087328557842644,-0.0030313479815042865,0.004346169440341563,0.0042859712432164205,-0.010345685322472964,0.004057265864122616,-0.007274649368158197,0.0010006188643438161,Leptidea sinapis
b_Sexundetermined,0.004809768899095323,0.004695037274388553,0.005288864353793845,0.005399464631879283,-0.0037295835689572054,0.01351836465840397,-2.761820637991506e-4,0.009889176475132717,Leptidea sinapis
sigma,0.04886813305946095,0.04882897221324757,0.0012362991657735645,0.0012163377150539035,0.04690065991337287,0.05095353577143253,0.04768882060962251,0.050061976478103704,Leptidea sinapis
Intercept,2.9458663775153804,2.945852815154928,0.0017274719816991696,0.0016991766022314868,2.943034239628539,2.948707799572934,2.9442205729914477,2.9475535641907746,Leptidea sinapis
lprior,-3.1739553578808337,-3.1739583103652973,2.0151842898821908e-4,2.001010905123606e-4,-3.174288406750622,-3.173624798809543,-3.174147729476636,-3.173756851992891,Leptidea sinapis
lp__,1260.239298678043,1260.5579094643458,1.887717035778375,1.7255704670055925,1256.6799172507872,1262.618877477951,1258.5310138806492,1261.9976009058723,Leptidea sinapis
b_Intercept,2.313514464408065,2.3095079159978296,0.21328704848906274,0.21526014345949873,1.9679644741862816,2.6643026420077636,2.1057209712956086,2.522440161022007,Erynnis tages
b_YearRescale,0.03794241508316112,0.03796289604805189,0.009052417463475815,0.008933445497042995,0.02285158319502404,0.05297359793945587,0.029292509474075915,0.046668547031493694,Erynnis tages
b_Temp,0.003353722085781355,0.0033582184172607594,0.0017667026755784484,0.0017585696360226293,4.6098534156909437e-4,0.006255678908511808,0.0016497374998881338,0.005054885546494271,Erynnis tages
b_Latitude,0.001840553803230833,0.0019013796159202444,0.004045630835082337,0.0040093362678472674,-0.004767813470382562,0.008471427021919595,-0.0021649217452731455,0.005784616833163645,Erynnis tages
b_Sexmale,-0.02106652847094058,-0.021110412849713732,0.004866504163628524,0.004766475722185141,-0.029122893798033386,-0.013058401923079423,-0.025742156276998225,-0.016319782703506824,Erynnis tages
b_Sexundetermined,-0.004135308813717291,-0.0040657552016450365,0.00549337591626875,0.005460279560294768,-0.013339471191488376,0.0047792883622601425,-0.009307971853875474,0.0010578909854678461,Erynnis tages
sigma,0.05791005074833195,0.05786948047339669,0.0014552067089375102,0.001481941465158637,0.05561349780082741,0.060363699042409506,0.05646813178022625,0.059328699163152816,Erynnis tages
Intercept,2.50636060994898,2.5063784024789046,0.0019696899232476304,0.001956643267202986,2.5031587322857627,2.5095643313312714,2.504480350977822,2.5082712828205027,Erynnis tages
lprior,-3.244205182008212,-3.2441991785124564,3.976032761152085e-4,3.969061282977748e-4,-3.244849697852947,-3.2435548714664932,-3.244584397560718,-3.2438216615313316,Erynnis tages
lp__,1218.9943364971507,1219.2970974712987,1.8981179813102471,1.7522698458921864,1215.4536356157826,1221.4318173020451,1217.3185672827337,1220.7574163987438,Erynnis tages
b_Intercept,2.2343602468989943,2.2361739000211287,0.14735382692412952,0.1467166570128626,1.9842955218588814,2.4742698651077375,2.092420972412241,2.3764089597394324,Thymelicus sylvestris
b_YearRescale,0.031839482752424576,0.03186374226181059,0.006602220400772937,0.006501314173767028,0.02110737114654123,0.04244828666433168,0.025529050011877896,0.03808996270251484,Thymelicus sylvestris
b_Temp,7.039426731821891e-4,7.198013091655141e-4,0.001483667064835259,0.001460887838405252,-0.001784556146886311,0.0031353831615009145,-6.876466520477789e-4,0.002119587503419091,Thymelicus sylvestris
b_Latitude,0.005184670747397537,0.005148371802045755,0.002820654928954235,0.0028159496783945475,5.638037606561576e-4,0.00995751734229383,0.0024999915858045026,0.007907124245949446,Thymelicus sylvestris
b_Sexmale,-0.03882437555717764,-0.03878104671673946,0.0032384358877752474,0.0033000773003498507,-0.04411799952036239,-0.0335205718344588,-0.041993962066568795,-0.035675468141951855,Thymelicus sylvestris
b_Sexundetermined,0.005518691036606966,0.00568542228609562,0.00597870090283698,0.006089441791591953,-0.004410852723800188,0.015269404301291471,-3.7730680686955126e-4,0.011158322896864322,Thymelicus sylvestris
sigma,0.04644640866946359,0.04641102958086407,0.0010956025874230056,0.0010947212850260124,0.04469579119852844,0.04830662092837965,0.045400225086019735,0.04751805170937384,Thymelicus sylvestris
Intercept,2.5311098478418415,2.531121071815136,0.001520530449711292,0.0015752083465618934,2.528631999113869,2.53364932273175,2.529613662198031,2.5325792354881367,Thymelicus sylvestris
lprior,-3.239149536415,-3.2391448913479106,2.995431211325517e-4,3.109077558434092e-4,-3.239638843230024,-3.2386494435745825,-3.2394450037972993,-3.2388599092488612,Thymelicus sylvestris
lp__,1508.9828366965237,1509.3009223719475,1.884109673141549,1.6856323744339663,1505.4410914856508,1511.4159100660372,1507.2920828506035,1510.7208438143505,Thymelicus sylvestris
b_Intercept,2.5009969283915274,2.5022803928689417,0.17084954261089164,0.17682023216895795,2.216841771765631,2.7746112458401337,2.3342475753072676,2.6719874684607405,Hamearis lucina
b_YearRescale,0.010137915468981152,0.009976787627672259,0.007609588337039724,0.007659915566505848,-0.0026240419004688272,0.022283380477439243,0.0027322207571981285,0.017775484012853275,Hamearis lucina
b_Temp,-0.0019189494962751385,-0.0019083844372544787,0.0012144460705614311,0.001217521508561539,-0.003949007130898373,1.27425060298015e-4,-0.003096249540014416,-7.422368146497159e-4,Hamearis lucina
b_Latitude,0.0024262069275595467,0.0023907869816540022,0.0033466382284863547,0.003465892332246049,-0.0029539821206696565,0.00803760103754222,-9.584842323865886e-4,0.0056738010375087045,Hamearis lucina
b_Sexmale,-0.006213564800324975,-0.006102811385339997,0.005851644016012155,0.005890995238909451,-0.015917008230201302,0.0034721623152430114,-0.011892810791216065,-0.00047850469668081973,Hamearis lucina
b_Sexundetermined,0.020263915644267928,0.020333275019399324,0.003973412446753725,0.003960401854609301,0.01362833903801912,0.02667112934033684,0.016398398912007218,0.02402778543500477,Hamearis lucina
sigma,0.04690072572637719,0.046887204012586683,0.0010439256563022602,0.0010299757760041741,0.04517439044992608,0.04863789514474081,0.04588845458073352,0.0479261090315955,Hamearis lucina
Intercept,2.6112750447112862,2.611276110221538,0.0015001284153148158,0.0014806300826786265,2.6088296118766574,2.613759889568579,2.6098206254279637,2.6127039498862974,Hamearis lucina
lprior,-3.223969526388843,-3.2239673439584644,2.731979962566756e-4,2.7096848642716565e-4,-3.224416478424359,-3.2235188356072495,-3.2242340770593376,-3.223709702641939,Hamearis lucina
lp__,1554.7433728036851,1555.027122487816,1.8193075484891,1.6938204897676243,1551.2752465294586,1557.1213338172522,1553.1574789626804,1556.4498307688978,Hamearis lucina
b_Intercept,3.5256346780043235,3.5264534998443757,0.2084694709198469,0.2084199325907056,3.1792646631272037,3.869028274405951,3.3213090355015527,3.7254503018176144,Aglais urticae
b_YearRescale,-0.020016372018976,-0.019981623363333274,0.010019443938239942,0.00964732669466911,-0.0366045503377085,-0.003000649849975342,-0.029543675915687434,-0.010682233665833546,Aglais urticae
b_Temp,0.0019460990269130917,0.0018916102598860755,0.0019633819145392114,0.0019701096551777435,-0.0011882208432344515,0.005127932177001353,8.673277011846345e-5,0.0038540795598947008,Aglais urticae
b_Latitude,-0.007714238026890615,-0.007760921939134502,0.003851058820487248,0.0038569920745351515,-0.013996705748077935,-0.0013654688386252798,-0.011402930261164037,-0.0039449943798494135,Aglais urticae
b_Sexmale,-0.04438944328445462,-0.04441488628858088,0.00830243494789053,0.0081656707691936,-0.057785520497312205,-0.0306637469647149,-0.05246927687299116,-0.03626854390676988,Aglais urticae
b_Sexundetermined,0.034400463894035595,0.03457118108355228,0.011406940701070425,0.01132472652361673,0.015327612101413295,0.05274115698324564,0.02314138409550502,0.04565434991779979,Aglais urticae
sigma,0.06789010389045852,0.06785771213438321,0.0015242246092228345,0.0015430532235034822,0.06543812431546116,0.07041750054300148,0.0663912038833375,0.06939275022324665,Aglais urticae
Intercept,3.123232987099451,3.1232302450197884,0.0021725273018451553,0.0021701125963179287,3.1196564830731472,3.1267044948136147,3.1211412809185886,3.1253525170043677,Aglais urticae
lprior,-3.156788959372617,-3.1567857195237936,1.7491402189637973e-4,1.7495925892797295e-4,-3.157081722545376,-3.1565114224794244,-3.156955864948036,-3.156620033060313,Aglais urticae
lp__,1229.2451219708155,1229.5968581794446,1.8932653923197227,1.7297763104779473,1225.5956272792614,1231.6362338770982,1227.5526856570443,1230.9941749640134,Aglais urticae
b_Intercept,2.631912283600062,2.625848780853458,0.2292374880589169,0.23543015145636742,2.2549482663529465,3.0100809095983854,2.410625358175134,2.8583564327664708,Aricia agestis
b_YearRescale,0.04806692898692693,0.04793246993686419,0.011134566241858207,0.010992564344170255,0.02977360134261872,0.06664093283970393,0.03744740557126503,0.05865744607139197,Aricia agestis
b_Temp,-0.0018262720042326306,-0.0018253588518933003,0.001689971224651768,0.0016980177727144762,-0.0045968921894194974,9.026433554885882e-4,-0.0034291904601963844,-1.8087757129663e-4,Aricia agestis
b_Latitude,-0.0033145206823857257,-0.0032398634067288944,0.004340751078921438,0.004473413213545353,-0.010536011914626836,0.003857602322910926,-0.007576176027131538,9.013658396614815e-4,Aricia agestis
b_Sexmale,-0.06427903577795041,-0.06424859239772909,0.010481070740393854,0.010636866414286773,-0.08134082199511923,-0.046749283448884245,-0.07443267021946674,-0.054300420313756204,Aricia agestis
b_Sexundetermined,0.01977416415717119,0.019785663846631617,0.005095628646461162,0.004998704843362125,0.011471918010366868,0.028135774135230864,0.01482477962736337,0.02468377381404273,Aricia agestis
sigma,0.07001037841031439,0.06997468392946024,0.0016460264406688693,0.0016181228901955434,0.0673618599360273,0.07277114740362176,0.06842911282551883,0.0716093570381087,Aricia agestis
Intercept,2.4966031962765474,2.496590570357243,0.002249487127652876,0.002288835789579727,2.4928842618920046,2.50031235823124,2.4944610879794116,2.4988012141859537,Aricia agestis
lprior,-3.2463439722504868,-3.24634637705727,4.578557765130645e-4,4.639346275506757e-4,-3.2471037298196306,-3.245589860982596,-3.2467787430562134,-3.24589808822607,Aricia agestis
lp__,1203.4172220551252,1203.7713756828782,1.8569996839906824,1.7053527920098601,1199.8999829980207,1205.8311855000688,1201.702976936995,1205.1538470705873,Aricia agestis
b_Intercept,3.1119057021382517,3.114028471420745,0.1680456413591603,0.16645921117207324,2.835217502807299,3.38657679794217,2.946937231449012,3.273428502089226,Callophrys rubi
b_YearRescale,-4.1133021774297443e-4,-3.931953840987559e-4,0.009165639442779676,0.009148647561913421,-0.01570557513387174,0.01436222174562923,-0.009274112494727083,0.008331372277901792,Callophrys rubi
b_Temp,-0.003395819164694154,-0.0034105227671298883,0.0018504618036904242,0.0018404047286254266,-0.0064428587418997275,-2.402491190850437e-4,-0.005155370364396527,-0.0016557251696825315,Callophrys rubi
b_Latitude,-0.009135475849329838,-0.009173284930174004,0.003171842210801561,0.003176520907905302,-0.014294574439431261,-0.003994266054667904,-0.012218734717510091,-0.006056606648736422,Callophrys rubi
b_Sexmale,-0.014176196717790475,-0.014142829598910113,0.0044958150489391386,0.004624153386901126,-0.021533150275914015,-0.006868729104682298,-0.018555566386734116,-0.009857511601624834,Callophrys rubi
b_Sexundetermined,0.014364271489756051,0.01447102171966219,0.004788955921435795,0.004794667534540274,0.0065566887440980295,0.02205949595463487,0.009627442464400029,0.0189449304904075,Callophrys rubi
sigma,0.0565401396360576,0.05651442536264494,0.0012452767011993833,0.0012388950746566173,0.05454985126384493,0.05863110221461718,0.05532151525005264,0.05774490934719196,Callophrys rubi
Intercept,2.5922615931176365,2.5922615100975,0.0017918087197496449,0.001704451208344374,2.589250330283037,2.595234905488174,2.5905400355858528,2.5939475881037644,Callophrys rubi
lprior,-3.2275690924599947,-3.227566701120009,3.3263083458069903e-4,3.141557954822142e-4,-3.2281226723154304,-3.227018941317076,-3.2278876906610776,-3.227255901698035,Callophrys rubi
lp__,1434.2614953975374,1434.608150632594,1.9062457627391798,1.716235740660703,1430.5809374599232,1436.7115477180291,1432.5651073333827,1436.001568646752,Callophrys rubi
b_Intercept,3.722510396688827,3.71806522448688,0.19215452892795007,0.18918081285956415,3.4096220782025903,4.051625520629077,3.538264416693161,3.907606567254859,Fabriciana adippe
b_YearRescale,-0.04417772773013454,-0.044193291757844456,0.008982050190813988,0.008975408661050554,-0.05907549381963595,-0.029198816541550602,-0.05299697281928623,-0.035631580325692996,Fabriciana adippe
b_Temp,0.003315434307578706,0.0033371189568245064,0.0012960118812188634,0.0013210048089987562,0.0011393314486387441,0.005423389059410569,0.0020366802839637188,0.004593999799400263,Fabriciana adippe
b_Latitude,-0.007006841126579336,-0.00696195717661836,0.003733037049300089,0.0036770526596701064,-0.01336079814158663,-9.432601782643705e-4,-0.010506012054394102,-0.0033989064728129044,Fabriciana adippe
b_Sexmale,-0.07883698327261064,-0.07881823260214964,0.004149044921261049,0.004171332653392458,-0.0858955734566437,-0.07214398159304834,-0.08283637408931852,-0.07477686642273901,Fabriciana adippe
b_Sexundetermined,-0.026032032961240625,-0.02594596444795289,0.0046909067597521075,0.004812234206887911,-0.03382526726407199,-0.01841614737856627,-0.03050896758472141,-0.021483133289534696,Fabriciana adippe
sigma,0.0543118446301396,0.05429168216190747,0.0012234528491121635,0.0012029291643618186,0.052342164427827784,0.05637581866757188,0.0531250228720491,0.05546314023868582,Fabriciana adippe
Intercept,3.3041780206875484,3.304171645751005,0.0017383562987574297,0.0017657877367142178,3.3013117700669277,3.3070465535309395,3.302498492332524,3.305857619166453,Fabriciana adippe
lprior,-3.1456131698738696,-3.145612496008,7.404595199735227e-5,7.589013729797535e-5,-3.1457346787334477,-3.1454924961921478,-3.1456856388221945,-3.1455399794519434,Fabriciana adippe
lp__,1479.7512829246139,1480.0576114311007,1.8406952944089976,1.706716367944477,1476.294363266215,1482.1349587896746,1478.058004019072,1481.4657276614944,Fabriciana adippe
b_Intercept,3.0809427825970888,3.083423764390636,0.16297299166214965,0.15886079955730495,2.8052023668247568,3.343867693260508,2.9260551614566594,3.235757543560399,Speyeria aglaja
b_YearRescale,-0.01405115723287609,-0.013957359345198147,0.007218324283604212,0.00715989711525909,-0.026129504106200647,-0.002191865073946808,-0.021158375449667654,-0.007121766497512326,Speyeria aglaja
b_Temp,0.004780065122531853,0.004781665776609435,0.0013888561978094675,0.0013870766267439917,0.0024604855201839494,0.007053071171183927,0.0034124022092040206,0.006102640513358486,Speyeria aglaja
b_Latitude,0.004737584647276757,0.004647185899240649,0.003203528015363996,0.0031538459233659806,-4.7108645236581783e-4,0.01008554911196004,0.0017479192704821372,0.007824762582268495,Speyeria aglaja
b_Sexmale,-0.07991089342378259,-0.07984666686247466,0.003669195319599985,0.003675676067848476,-0.08578851846925012,-0.07375874676476311,-0.08350806780105507,-0.07646399213425034,Speyeria aglaja
b_Sexundetermined,-0.005981415990190959,-0.006049670783116431,0.005720339176260096,0.005716535096367198,-0.015202961806689041,0.003585558214629309,-0.011561452569688341,-3.2386036907616837e-4,Speyeria aglaja
sigma,0.05231572897713659,0.05229249131350875,0.0011313276506338206,0.001115203350203367,0.05049953826097049,0.0542189061704041,0.05123915638381073,0.05340146423854507,Speyeria aglaja
Intercept,3.3123288064738228,3.312330291999726,0.0016081191685082177,0.001647352794389003,3.309702705054983,3.314973066344228,3.310774863032702,3.3138739052994786,Speyeria aglaja
lprior,-3.1452576383700794,-3.1452566176843586,6.576767905252976e-5,6.776606178816169e-5,-3.145367004619267,-3.1451502897911117,-3.145320174542658,-3.145193988166538,Speyeria aglaja
lp__,1569.1923790343767,1569.501789666987,1.8425051000138424,1.7244426682797696,1565.75641221413,1571.5705400357833,1567.496689979386,1570.9080129096371,Speyeria aglaja
b_Intercept,2.2606018541590887,2.2597793857180766,0.14647687748597357,0.1473425092957819,2.019072114915646,2.497832258675214,2.119072558506066,2.4029507978054,Ochlodes sylvanus
b_YearRescale,0.030670630231030224,0.030661474322736144,0.007411745009153468,0.007665855565591103,0.01861514785970852,0.04271966743886671,0.023378547713164666,0.03795474120912935,Ochlodes sylvanus
b_Temp,0.004467025201892346,0.0044742722532116214,0.0015824584892288756,0.0015786421165300062,0.0018414101356436408,0.00710056913268601,0.002975035004894192,0.00599192290711013,Ochlodes sylvanus
b_Latitude,0.006329569270695736,0.006372304498760522,0.002733593951380106,0.0027572055408492924,0.0018749970839337792,0.010817867429826844,0.0036232017486529655,0.00892902890204888,Ochlodes sylvanus
b_Sexmale,-0.07092830177923808,-0.07092114389142168,0.003322252068476729,0.0033701214834033714,-0.07641124299047478,-0.06536811890376851,-0.07417629167162858,-0.06776415003285502,Ochlodes sylvanus
b_Sexundetermined,-0.032803918926680074,-0.03278588915386741,0.005865954011665386,0.005910523766628495,-0.04261086520473471,-0.022988808090719137,-0.03846609319556782,-0.027194999848493124,Ochlodes sylvanus
sigma,0.05043033075123577,0.05042028250025332,0.0010914921864152935,0.0010811899942363965,0.048659417486482996,0.052213927933609836,0.0493808957958822,0.05148318389497613,Ochlodes sylvanus
Intercept,2.634458878532483,2.6344580664367028,0.0015868724276782275,0.0015744978226662177,2.6318719082557434,2.6370764137565756,2.632934808489257,2.6359973743069,Ochlodes sylvanus
lprior,-3.219839023606947,-3.219839486632052,2.82093156990909e-4,2.811532169307679e-4,-3.2203014052743217,-3.2193753762580184,-3.2201083156533126,-3.219567584954633,Ochlodes sylvanus
lp__,1607.470112770865,1607.768894052068,1.857363403978674,1.713208312454488,1603.9519555093016,1609.8316568712146,1605.851390354075,1609.1768465495759,Ochlodes sylvanus
b_Intercept,2.1948243779348413,2.195711925934601,0.15648345232409028,0.1626713219655022,1.936987056880862,2.448925831960289,2.039019724862597,2.3463978203682077,Pyrgus malvae
b_YearRescale,0.041020855400269784,0.041102855734239545,0.007291768124380355,0.007464448861082883,0.029179705917895177,0.05289668820242751,0.03374355281204896,0.04811659509420087,Pyrgus malvae
b_Temp,-0.003369875231853596,-0.0033573603086838174,0.0011680339474717033,0.0011505975676318633,-0.005314833507234807,-0.001449130756032241,-0.004487710207922413,-0.002268262282036908,Pyrgus malvae
b_Latitude,0.0034406784274674924,0.0034340196169765887,0.0030493015105205828,0.0031170134280754645,-0.0015500299359482968,0.008416854590710992,4.549421243777397e-4,0.006455132159753298,Pyrgus malvae
b_Sexmale,-0.020148917471694127,-0.020179895444569357,0.005847395621282175,0.005812214223691311,-0.02976127907958179,-0.010629033571785079,-0.025699084671352974,-0.014498764917829228,Pyrgus malvae
b_Sexundetermined,0.01260798876428203,0.012694339180142981,0.003795991228994063,0.003827183181907445,0.0064774173929230084,0.018826901064739197,0.00893326386320427,0.016350068307603445,Pyrgus malvae
sigma,0.053037135344338,0.053027941223525804,0.0010519606276573159,0.0010667691962060334,0.051318231535831954,0.05475158266733753,0.052005568142258124,0.05406463504766354,Pyrgus malvae
Intercept,2.3714691638711485,2.3714596485160033,0.0014913480797286176,0.0015212361778830547,2.3689802209412067,2.3739910531011583,2.370029044056466,2.372920597166017,Pyrgus malvae
lprior,-3.272946156337834,-3.2729483004784754,3.364437389345229e-4,3.4254415855350926e-4,-3.2735084010805506,-3.272380165896537,-3.2732716310456778,-3.2726216990681323,Pyrgus malvae
lp__,1944.4720864564829,1944.816107196118,1.8661015906364242,1.7191639246984332,1941.0211884578239,1946.9155682265682,1942.737121700918,1946.2022626924118,Pyrgus malvae
b_Intercept,2.1429316135424767,2.1435656100886886,0.20431572778820076,0.20216764603691847,1.8016825223925252,2.476286258764353,1.9487306911081053,2.3400987762922907,Coenonympha tullia
b_YearRescale,0.014658959699800092,0.014793590912413323,0.006496864814104367,0.006365670762461782,0.00390365808901381,0.025241575614358944,0.008400464033309138,0.020956035205620213,Coenonympha tullia
b_Temp,-0.0022146320870174226,-0.002190058407382292,9.367024730582822e-4,9.329927428831307e-4,-0.0037770844824682945,-6.737134812737046e-4,-0.003120578562767239,-0.0013054866793699926,Coenonympha tullia
b_Latitude,0.01405823813874895,0.014049873595923495,0.0038464130673377867,0.003806554783403887,0.00776551418182654,0.020551584112152257,0.010374950153971161,0.017684985243372444,Coenonympha tullia
b_Sexmale,-0.006746914866646112,-0.006752415907090175,0.0032875545129185234,0.0032928332127376402,-0.011974662103894827,-0.001335497877377178,-0.00998236347520643,-0.003546947493986022,Coenonympha tullia
b_Sexundetermined,-7.89283674681992e-4,-7.503892044062513e-4,0.0028507627408935203,0.0028410442441504386,-0.005601385753650652,0.0037698261445734066,-0.003460622910370422,0.001965570389744923,Coenonympha tullia
sigma,0.043660086527505304,0.04365028468726356,8.359074644436616e-4,8.324882574693534e-4,0.04230940704136855,0.04505868312237609,0.04284356326322278,0.04447959558687209,Coenonympha tullia
Intercept,2.890939146607882,2.89095989743224,0.001142044529757113,0.001138194540648238,2.8890385136274275,2.8927863142656376,2.88982201054093,2.892019709634612,Coenonympha tullia
lprior,-3.180597722220017,-3.180594171232733,1.4586006152881014e-4,1.450926398119523e-4,-3.1808396554052782,-3.1803621085174836,-3.1807402530925613,-3.1804586144964593,Coenonympha tullia
lp__,2407.2069491805387,2407.544303289743,1.886641815472229,1.7528561376069498,2403.571290891177,2409.60821057965,2405.4687392319465,2408.9402481079073,Coenonympha tullia
b_Intercept,3.39590183043382,3.3933786626297646,0.21048791674023945,0.21048672763408904,3.0531266911290067,3.7416695338233357,3.1890641031252827,3.5999678692149724,Argynnis paphia
b_YearRescale,0.007009813275684481,0.0071927886281676475,0.006271320698642443,0.006225291342217831,-0.0037319950310225987,0.016961643336113334,8.456604488379068e-4,0.013033485550571542,Argynnis paphia
b_Temp,-0.0047643175676229735,-0.0047938762567809046,0.001454629082032469,0.0014368950583279155,-0.007151074096702299,-0.002368379329054757,-0.0061682496677400635,-0.003352663023338395,Argynnis paphia
b_Latitude,0.0020506734485024954,0.002081548730881304,0.004079138745091167,0.004115784949060844,-0.004612038419921582,0.008693621451935194,-0.001925701711951624,0.006050142806017723,Argynnis paphia
b_Sexmale,-0.045476725229551866,-0.0454470757133946,0.002987512595963703,0.0030106283314195285,-0.05041653175012622,-0.040591279927342946,-0.04839629237267622,-0.04262643200592577,Argynnis paphia
b_Sexundetermined,0.045012078561717815,0.04503763520503575,0.004315324352770174,0.004227107108695097,0.03793948623295831,0.05222651444622157,0.04082171845914621,0.049191316521958524,Argynnis paphia
sigma,0.052698784829250424,0.0526886785011379,9.691425672066431e-4,9.467247124252058e-4,0.05108247030518206,0.054281046539847444,0.05176325351947014,0.05363348835557662,Argynnis paphia
Intercept,3.428755925542032,3.4287378540653757,0.0013750198688459933,0.0013757141469748703,3.4264817249975343,3.4310168361619007,3.4274409749908847,3.430100154182228,Argynnis paphia
lprior,-3.142049829346175,-3.142049480164638,2.3429539673384315e-5,2.3560793114193988e-5,-3.1420892032168823,-3.142012220363091,-3.142072366089417,-3.1420263490589244,Argynnis paphia
lp__,2200.672467167079,2201.0173064827004,1.8670684403079782,1.7460002237671055,2197.1241663005962,2203.0867819874265,2198.9853430788567,2202.4117510194255,Argynnis paphia
b_Intercept,2.1864849749828297,2.1850670857491736,0.20044632194642983,0.19889527693558728,1.8609414919151492,2.522868689286085,1.987755074855888,2.38137933767774,Cupido minimus
b_YearRescale,0.036898864162665634,0.036870861415652406,0.009977294409965183,0.010024196353217024,0.020526334367505502,0.053568029244760826,0.027364374818915512,0.0465696722484063,Cupido minimus
b_Temp,-0.0013543137475842651,-0.0013392503764029385,0.0015481716943462635,0.0015943356081080417,-0.0039481597556009496,0.0011335975834644756,-0.002869381387001126,1.4566709252027918e-4,Cupido minimus
b_Latitude,0.003353812796251347,0.003414413196756163,0.003875515581305655,0.0038728965735035114,-0.00312083991290936,0.009636159991551629,-4.070983117527196e-4,0.007064392783284978,Cupido minimus
b_Sexmale,0.01039278840605413,0.010306291504622957,0.008975301322548777,0.008819660501914175,-0.003953250024723108,0.02521451466298387,0.0016764752660905168,0.018897093574896245,Cupido minimus
b_Sexundetermined,0.016027245058016185,0.01605567754350915,0.004325282455912762,0.004419863156020942,0.00897719816854263,0.02317151592010558,0.011763359127143911,0.02021669030819737,Cupido minimus
sigma,0.07365973648230027,0.0736190286622634,0.0013635234937239098,0.0013613343469798683,0.07153085998139189,0.07595946691098872,0.07235185416205939,0.07494301357553275,Cupido minimus
Intercept,2.3897463418173714,2.3897819960049698,0.001985676326780953,0.00203255567154072,2.3864866556148234,2.3929431230518445,2.3878059346286693,2.3916818152560646,Cupido minimus
lprior,-3.269133799031009,-3.2691287209020583,4.4222757954534694e-4,4.5164191397769e-4,-3.2698664621834093,-3.268422543927997,-3.2695646495517923,-3.268700480736924,Cupido minimus
lp__,1723.027741962517,1723.3820485416804,1.8981389715362933,1.742053315415689,1719.34158198865,1725.4757099533067,1721.3019611273169,1724.7608941306187,Cupido minimus
b_Intercept,3.2420580966168604,3.2384022608979404,0.3576109785309516,0.34064723152718596,2.6601461291465753,3.8323553927663747,2.9047842154221124,3.5734068674338815,Melitaea athalia
b_YearRescale,0.05307449278178526,0.052808002344074276,0.011064187915851668,0.010970354734093964,0.03518330798097937,0.07094905714172688,0.042425298330228345,0.06376249236234109,Melitaea athalia
b_Temp,0.004134610773797415,0.004128610288883311,0.0011975671914628333,0.0011837651749347347,0.0021354450222819494,0.006119317267935611,0.002977063414214549,0.005265309867656068,Melitaea athalia
b_Latitude,-0.00749907021594305,-0.007475046433870015,0.007032813863190733,0.006670268113923402,-0.019093913711000863,0.00398381921696062,-0.014030793861324893,-8.847710476936267e-4,Melitaea athalia
b_Sexmale,-0.04388733779443693,-0.04376981095131832,0.003939320205837799,0.00388267144449485,-0.0504921949505363,-0.03741391472173007,-0.047709525543602596,-0.040207875047071746,Melitaea athalia
b_Sexundetermined,-0.012406513615348825,-0.012423527497056157,0.004234626620721666,0.004234221894591047,-0.019331449584907366,-0.005368599181646045,-0.016447068190768882,-0.008316468221996673,Melitaea athalia
sigma,0.0670324175932964,0.06702183119935033,0.00118971055962327,0.0011813871822119498,0.06506923878797852,0.06902174415097453,0.06590361641593359,0.06814721380535134,Melitaea athalia
Intercept,2.933562030781113,2.9335772376020817,0.0016875400613885808,0.00170821358352098,2.9307564325805058,2.93630867451309,2.9319070545934514,2.9352041672747395,Melitaea athalia
lprior,-3.175626339080835,-3.1756235270837756,2.0162282814424344e-4,2.038334540960685e-4,-3.175957906550723,-3.1752999454680455,-3.175822087888603,-3.175431976078178,Melitaea athalia
lp__,2072.4429597068106,2072.7619971600516,1.9015140180863364,1.782237390985314,2068.851337084122,2074.877248909548,2070.715923066328,2074.2130310337716,Melitaea athalia
b_Intercept,5.278351876533034,5.276604693747768,0.107843966957,0.10582338933234448,5.102384252009347,5.456835419268268,5.172333853822108,5.3811408520624475,Hipparchia semele
b_YearRescale,-0.014109712736191916,-0.013974314709727643,0.00730264897742954,0.007255377860404429,-0.02645662369025504,-0.002250020097260139,-0.021388371272939743,-0.007134676296359734,Hipparchia semele
b_Temp,-7.667791138313267e-4,-7.842357154521371e-4,0.0016578365389556425,0.001631889978552983,-0.003513447341703154,0.002019108404871416,-0.002348211399155713,8.134748848201084e-4,Hipparchia semele
b_Latitude,-0.039028211855429144,-0.039034700792244095,0.002070849132662985,0.0020617670684871096,-0.04245713704991948,-0.035647385169024166,-0.041004970196308874,-0.03696547617808943,Hipparchia semele
b_Sexmale,-0.09622801027321928,-0.09622350740383111,0.003981014771565216,0.004021003129399647,-0.10279629268898846,-0.08970175206052224,-0.10002574825972693,-0.09238395809856971,Hipparchia semele
b_Sexundetermined,0.00928129597416264,0.009183860373539382,0.004640950471553996,0.004663324772675349,0.0016657609247917775,0.017016146139932534,0.004804112780061622,0.013851774387833301,Hipparchia semele
sigma,0.07037901218433815,0.07037572673548134,0.001240385088803714,0.0012589234460977717,0.06832143684454849,0.07241673720359768,0.06918647916061474,0.07159720697864635,Hipparchia semele
Intercept,3.2139335793717114,3.213931959862549,0.0017104536617311423,0.0017326712157180375,3.2111200495074987,3.2167285892496866,3.212265287272676,3.2155857487384276,Hipparchia semele
lprior,-3.1504506926847657,-3.1504500300259437,1.0546021314421663e-4,1.0491243055869188e-4,-3.150623407015712,-3.1502804844843926,-3.150554559907719,-3.150347939473092,Hipparchia semele
lp__,2037.7492000163863,2038.0745039145686,1.8441668410948038,1.755161936931742,2034.147647118795,2040.1471498764806,2036.0586179635318,2039.451217700037,Hipparchia semele
b_Intercept,3.255932139670504,3.257463627513052,0.18116591734865692,0.18312591107204865,2.9611702589416264,3.557892463673139,3.0780243291539047,3.4316853851067846,Anthocharis cardamines
b_YearRescale,0.00829805309383677,0.00836148247962859,0.008265023747665374,0.008324452262449007,-0.0054371195251226734,0.021855230944955884,3.0754044326812715e-4,0.016219239466213342,Anthocharis cardamines
b_Temp,-0.0033816779027135463,-0.0033703920090151955,0.0013456412029633198,0.001334027510549562,-0.005583415873207774,-0.0012193008404226225,-0.0046879283120438795,-0.0020778757946702375,Anthocharis cardamines
b_Latitude,-0.00429998159780379,-0.004285466043693309,0.0034877558030245496,0.0035464273637582037,-0.010109846590775445,0.0014119808931995284,-0.007695021006143148,-9.08934913522629e-4,Anthocharis cardamines
b_Sexmale,-0.053512256921450625,-0.05352274322788187,0.00469997402477267,0.00481746850630837,-0.06114580039498382,-0.04574321773645425,-0.05818358985803704,-0.048914360119280985,Anthocharis cardamines
b_Sexundetermined,-0.0183735915473104,-0.01833906625860198,0.005786627748808344,0.005963520100719364,-0.027908756323313823,-0.009241188862523717,-0.02401982820181404,-0.012623084145595858,Anthocharis cardamines
sigma,0.07958506548677426,0.07956000673328979,0.0013511054982819222,0.0013231913864868304,0.07741450308428231,0.08184468076292796,0.07826653645774825,0.08084808684036525,Anthocharis cardamines
Intercept,2.9596249980362286,2.959596265334423,0.0019342618765078952,0.0019481966828831668,2.9563896190123007,2.9628473593899756,2.9577691969667663,2.961509267443921,Anthocharis cardamines
lprior,-3.17279521416065,-3.1727990829423725,2.2065570266684622e-4,2.2071739378104433e-4,-3.1731654689228637,-3.1724242314599582,-3.1730085895039766,-3.1725800845922034,Anthocharis cardamines
lp__,1841.407761474803,1841.6772514152653,1.8297435543683866,1.7308299588514593,1837.9414882905455,1843.8040076229295,1839.7553312873997,1843.1167848720493,Anthocharis cardamines
b_Intercept,2.910967219783628,2.9119375553221563,0.13020387744764217,0.13187793216434618,2.694473522768243,3.122044625998948,2.7864118253160335,3.0349574124731147,Boloria euphrosyne
b_YearRescale,0.025901357740869227,0.025888464526861547,0.006417287713654347,0.006394785185212587,0.015396845951459018,0.03656627895035818,0.019744836567841526,0.032012306015100855,Boloria euphrosyne
b_Temp,9.081407353258076e-4,9.155461742727306e-4,0.0010003372214359495,0.0010047930538292968,-7.266001928676717e-4,0.0025284545927780674,-5.7863944206432324e-5,0.0018677054728322242,Boloria euphrosyne
b_Latitude,0.0013888982403402995,0.001384337882230642,0.0024759237831437717,0.002513030497926241,-0.0026669706573352304,0.005473265794417257,-9.42982590704598e-4,0.0037754759255903595,Boloria euphrosyne
b_Sexmale,-0.03143017339694694,-0.031600530172001776,0.008870050409921216,0.008909762496015947,-0.045839478115847355,-0.016692119517874627,-0.04008287007264896,-0.022833745653674832,Boloria euphrosyne
b_Sexundetermined,-6.590282433772992e-4,-6.985054002129033e-4,0.009301433467705178,0.009151993473399027,-0.015718858312609905,0.015216142672636523,-0.00961329276954655,0.008228184727977329,Boloria euphrosyne
sigma,0.050269987534346264,0.05025482162037408,8.272139274066435e-4,8.156664014228791e-4,0.04893438726455494,0.051683680079046446,0.04947520294186823,0.05105314329903318,Boloria euphrosyne
Intercept,2.997281156134849,2.997260958734074,0.0012135259849923542,0.001222690424807559,2.995300797440735,2.999291318182441,2.996112208955014,2.998478432022365,Boloria euphrosyne
lprior,-3.168259147478261,-3.168260852150758,1.2882510630976508e-4,1.2984326452232162e-4,-3.1684716515218554,-3.1680458618862004,-3.1683826686249565,-3.1681319174394114,Boloria euphrosyne
lp__,2925.604113386522,2925.9399908028945,1.8480154686133272,1.735902967254342,2922.181860032762,2928.034542200253,2923.8733096271703,2927.3202115557547,Boloria euphrosyne
b_Intercept,1.5744043849654796,1.5722937217150776,0.14226358808925874,0.14204669613215282,1.3458049833285437,1.8086876819070432,1.435146166874239,1.7132442257423925,Boloria selene
b_YearRescale,0.04320279427229296,0.04320772643060263,0.007711284350935578,0.007967772194065045,0.030732541957107222,0.055924930861349344,0.0355895527982226,0.05080374520716652,Boloria selene
b_Temp,-0.0023216397409658307,-0.002318626924461133,0.001237885153915425,0.0012553414286177397,-0.0043383466488032115,-2.53674797753376e-4,-0.0035268215086144243,-0.0011424495224302196,Boloria selene
b_Latitude,0.026859235541099542,0.026911929147792377,0.002743392674659786,0.002738254936902992,0.02230291383646058,0.03124426262596503,0.0241832805794756,0.029513254880979115,Boloria selene
b_Sexmale,-0.0416033422277574,-0.04155104905489188,0.007410512677346685,0.007394670311758936,-0.05377530274474444,-0.02930120590190623,-0.048678113807461544,-0.034510741703061114,Boloria selene
b_Sexundetermined,-0.014372405150462808,-0.014366427915135937,0.008081175139519873,0.008137327246970284,-0.027840460866258923,-8.565938196233486e-4,-0.022334471417348952,-0.0066039888772721645,Boloria selene
sigma,0.061827565834646825,0.06178798037228662,9.810993877023934e-4,9.846621312976744e-4,0.06024862653617241,0.06347714641876336,0.060886953549163264,0.06280237754806749,Boloria selene
Intercept,2.9494907301259023,2.9494902598736843,0.0014254991664260333,0.001464485481712565,2.947175636258434,2.9517782726577755,2.948109387296904,2.9509016748181183,Boloria selene
lprior,-3.1736879792805532,-3.1736868467366914,1.651011322097819e-4,1.6970301159898414e-4,-3.173956304102575,-3.173421136313664,-3.173848719925261,-3.1735240815488073,Boloria selene
lp__,2622.003066576719,2622.3250864456645,1.8421133349763656,1.6916770534470968,2618.5995411677804,2624.359818964241,2620.3347716465355,2623.6826970148886,Boloria selene
b_Intercept,2.362484056619964,2.360757198677879,0.2144820234229025,0.22011562321322314,2.0050703815400355,2.7122424917334813,2.1560956139591525,2.571395839785581,Euphydryas aurinia
b_YearRescale,-0.014964410605271759,-0.014867016460024052,0.009348328016823901,0.00942826208356669,-0.030292530402696485,3.6175761145276476e-4,-0.02401149355704406,-0.006079262946090874,Euphydryas aurinia
b_Temp,0.003722440794335262,0.003735352610354988,0.0018876325301606833,0.0018531891332775746,6.204960049022504e-4,0.006802366144501325,0.0019160530212724229,0.005508211007136686,Euphydryas aurinia
b_Latitude,0.012378555148966451,0.01237757467404534,0.004158797480239975,0.004269522540567593,0.0055514125989309165,0.019338607260073692,0.008346634013446312,0.01637425136658728,Euphydryas aurinia
b_Sexmale,-0.08942263001750134,-0.08940494864276491,0.005956236152957929,0.006112254381104966,-0.09927346628620862,-0.07967274647304769,-0.09518396534264295,-0.08359662037686584,Euphydryas aurinia
b_Sexundetermined,-0.06921450365929208,-0.06929336232771763,0.007763695253997258,0.007957256220102463,-0.0817748381240515,-0.05635572839298879,-0.07685960425529592,-0.06149486271451897,Euphydryas aurinia
sigma,0.08586877796638452,0.08585301937498671,0.0014109567341084963,0.0014298247318743616,0.08356192276555764,0.08820534144012322,0.0845049298756695,0.08723163975932405,Euphydryas aurinia
Intercept,2.9416225838326544,2.9416458684989926,0.00196555420944767,0.0019898157553293167,2.9383890905505208,2.9448251196952695,2.9397000738615287,2.943518325944604,Euphydryas aurinia
lprior,-3.1749825545496457,-3.174977481183894,2.313652934412944e-4,2.2965974212192777e-4,-3.175367344638963,-3.1746111078574515,-3.175208082688073,-3.1747581442844,Euphydryas aurinia
lp__,1990.7171330332724,1991.0306333892838,1.8640237910395538,1.7468549135988953,1987.2554360032575,1993.1289766548075,1989.0320859274188,1992.485795224182,Euphydryas aurinia
b_Intercept,3.092611535664175,3.0946353415350947,0.15405679656052199,0.15178049985391742,2.833637056796762,3.342766283631529,2.945029664054437,3.2398470197680105,Melanargia galathea
b_YearRescale,0.033279504333383884,0.033191030137418975,0.0067260641702144705,0.006750858343626957,0.022297456426785725,0.04442808815349805,0.026853233723809745,0.03981222099305426,Melanargia galathea
b_Temp,5.993490440961496e-4,6.106475860817406e-4,0.0016330586800905403,0.001589329236897631,-0.002154731468247006,0.003217951232802317,-9.823502070162079e-4,0.0021879810703980566,Melanargia galathea
b_Latitude,2.1704505577365218e-4,1.9393901850004748e-4,0.0029289848695437694,0.0028735023896787524,-0.004548437959610697,0.005195924555654832,-0.002577987898475895,0.003068653779312888,Melanargia galathea
b_Sexmale,-0.05958484268145607,-0.059526503911394704,0.007625157053656032,0.007539593029753071,-0.07231073113391896,-0.04723341190288725,-0.06671658759899644,-0.05233801647862962,Melanargia galathea
b_Sexundetermined,-0.002884225915084678,-0.002895020747093125,0.003404580454005366,0.0033860499208490866,-0.008487519534986221,0.0027496807313986825,-0.006178968687797757,3.9900302115417443e-4,Melanargia galathea
sigma,0.07156729042051141,0.07156189186181477,0.0011046924324215246,0.0011122779774977226,0.0697486271486461,0.0734336979630148,0.0704827234477354,0.07261669161543627,Melanargia galathea
Intercept,3.1537476624459635,3.153744526311423,0.0015170665285294854,0.0014968626306579938,3.1512378646242283,3.1562633047848756,3.15229970462162,3.1552054890935963,Melanargia galathea
lprior,-3.1545062395679375,-3.154506925488194,1.1200224570096336e-4,1.0982788443563414e-4,-3.1546930197814014,-3.1543219490701704,-3.15461310587731,-3.1543997339055574,Melanargia galathea
lp__,2637.8573247972126,2638.2426178802853,1.9286112644839497,1.7298681565469627,2634.1389441466654,2640.313107253121,2636.1160095203795,2639.6251125240055,Melanargia galathea
b_Intercept,3.876726012379934,3.8766836303498984,0.14254652005382026,0.14215541139754492,3.638190250953841,4.111851662718978,3.738533798329491,4.014226628628808,Aphantopus hyperantus
b_YearRescale,0.010452973195217279,0.010451155786410999,0.006471375968563082,0.006436896884639066,-1.7816860018175893e-4,0.02103317453485772,0.004082106330417246,0.01692084786820315,Aphantopus hyperantus
b_Temp,-3.9470497254994564e-4,-4.0938194522969844e-4,0.0012044115593649396,0.0011893284128560039,-0.002414365109504122,0.0015983759763852597,-0.0015559206484428891,7.682580572754166e-4,Aphantopus hyperantus
b_Latitude,-0.015418136753640559,-0.015441536867969972,0.002742022509076247,0.002683585590368215,-0.019976406869143707,-0.010907121599330103,-0.018042553284928372,-0.012755566718354719,Aphantopus hyperantus
b_Sexmale,-0.08066334963301847,-0.08079948675291584,0.005771765320169752,0.005642236814291121,-0.09010406018612874,-0.07095972231288997,-0.08608438611695084,-0.07500449902330632,Aphantopus hyperantus
b_Sexundetermined,-0.03385848269777177,-0.033912166005788114,0.005270140921386439,0.005287824530589294,-0.04238328478868191,-0.025151132900916234,-0.03897467703250615,-0.02882835097905927,Aphantopus hyperantus
sigma,0.06034109115901691,0.060339789920654224,9.185104015660718e-4,8.979390498070304e-4,0.05883506874086276,0.061872273937469656,0.05947244956389598,0.061216956652122054,Aphantopus hyperantus
Intercept,3.053762670791326,3.0537591680997327,0.0013338852592251695,0.0012880567909624068,3.051589133732246,3.0559282123484692,3.05252474035685,3.0550254265095997,Aphantopus hyperantus
lprior,-3.1627288953005666,-3.1627304848083586,1.2599182157237173e-4,1.2356259928090875e-4,-3.16293784974586,-3.1625244638961827,-3.1628452546421846,-3.162609976586196,Aphantopus hyperantus
lp__,3058.2924104240965,3058.6485701272895,1.9170219834832343,1.778497295882743,3054.6950257158064,3060.787304442024,3056.4960519883102,3060.0511914403346,Aphantopus hyperantus
b_Intercept,3.093969362686559,3.094842802702167,0.10222168491175758,0.10387824743077237,2.9268087179944007,3.262962558752641,2.9949769163862197,3.1926986596920752,Pyronia tithonus
b_YearRescale,0.004902010939567308,0.004939448721719081,0.0051995087550406344,0.005307307390331579,-0.0038501558463965736,0.013474615234297193,-1.1241474197990547e-4,0.009997507741387378,Pyronia tithonus
b_Temp,3.1015091641313855e-4,2.855881322092768e-4,9.287289979917192e-4,9.294020295658518e-4,-0.001204785252554732,0.0018410411797422227,-5.929355037999832e-4,0.001229706306623869,Pyronia tithonus
b_Latitude,-0.0023575449276506126,-0.0023475646620635636,0.002027824867827029,0.002030729864458925,-0.00572616737496478,0.0010217904887269735,-0.004339016426646055,-3.649741281201697e-4,Pyronia tithonus
b_Sexmale,-0.12580345571524748,-0.12579122881225363,0.002630297360952294,0.002605926816276302,-0.1300648720054941,-0.12144707178748718,-0.128353964682614,-0.1233053518089799,Pyronia tithonus
b_Sexundetermined,-0.05183100932288455,-0.051805816217418164,0.0031254186879971823,0.0030847979805706453,-0.0569118908306083,-0.04670995534547239,-0.05482725466558788,-0.048850950436651205,Pyronia tithonus
sigma,0.055650542521302596,0.05563712301180021,8.143382404711866e-4,8.195173184921092e-4,0.05431870557984482,0.057003132976101274,0.05487344770194219,0.05644772366515083,Pyronia tithonus
Intercept,2.91905949795955,2.9190693967120818,0.0011787815608279267,0.0012131826149072006,2.9171708999215347,2.9209907720625923,2.9178817846321574,2.9202126440653826,Pyronia tithonus
lprior,-3.1772214951584075,-3.1772209679557153,1.4373156602229858e-4,1.480589217526123e-4,-3.177453767427098,-3.176985742144774,-3.177365546337805,-3.1770809016670727,Pyronia tithonus
lp__,3394.185090614451,3394.533370949788,1.907476958118094,1.7086900409864427,3390.6882400608456,3396.615341312981,3392.4614574091556,3395.947065978924,Pyronia tithonus
b_Intercept,2.5891246427699475,2.5862908663665287,0.10104154589853258,0.10047901841486086,2.4244780764713854,2.7585600137331214,2.4930973236203875,2.685691013614876,Lycaena phlaeas
b_YearRescale,0.05416094813470125,0.05422909231019479,0.0066441855594987055,0.006455014932739443,0.04309320602976271,0.06505189708051633,0.047827345451218126,0.06067046014481964,Lycaena phlaeas
b_Temp,-6.525156226023167e-4,-6.738129580305709e-4,0.0012470769874180897,0.001239461934245066,-0.002679619434037193,0.0014020648230051492,-0.0018525897864872642,5.463446201535074e-4,Lycaena phlaeas
b_Latitude,-6.65912118454686e-4,-6.362353198520348e-4,0.001869022791840585,0.0018458310475309853,-0.00380992848554868,0.0023766875176269705,-0.00244105767307618,0.0011002229557011156,Lycaena phlaeas
b_Sexmale,-0.03370865886218646,-0.03368489693770467,0.0038134423206932894,0.003862976619217671,-0.040103807917011756,-0.0273555943549287,-0.037439521968186486,-0.030019671335754193,Lycaena phlaeas
b_Sexundetermined,0.007668135293494527,0.007688344960552261,0.00440123628627684,0.0044229164833267595,4.006984475257553e-4,0.014964368920433764,0.0034306608679066947,0.011919507402514237,Lycaena phlaeas
sigma,0.06572471632801902,0.06572049661527003,8.790271266557581e-4,8.66201717519643e-4,0.06428964001305527,0.06717877960447696,0.06488847921443668,0.06656278464495358,Lycaena phlaeas
Intercept,2.61531904662099,2.615326596970071,0.001227290869300367,0.0012236764105328479,2.6132863147131493,2.617353615973901,2.6141509782585524,2.6164720588960155,Lycaena phlaeas
lprior,-3.2234613333188986,-3.223460544419541,2.2238330158280806e-4,2.2167237283743897e-4,-3.2238296006278815,-3.2230928844700006,-3.2236741435018077,-3.2232496276275096,Lycaena phlaeas
lp__,3744.0251515037785,3744.376904622828,1.8094916086399555,1.7039968928422462,3740.5840658176057,3746.3641244891187,3742.310959591783,3745.7214986711642,Lycaena phlaeas
b_Intercept,2.765254578195777,2.7657508009524605,0.11218407818527854,0.11255259307173969,2.5799339643804595,2.9526129895348934,2.6549421661682286,2.8723916752180974,Coenonympha pamphilus
b_YearRescale,0.01998612903373362,0.02011483619931454,0.005979487361132848,0.006171908851967473,0.010060488884975002,0.029711475790382004,0.013958848756316417,0.025820990024714392,Coenonympha pamphilus
b_Temp,0.0016803259842485946,0.0016781812169494523,0.00103349554710681,0.0010648746778720022,4.065427890591776e-6,0.003384982610542054,6.680630894953416e-4,0.0027013193402123698,Coenonympha pamphilus
b_Latitude,-0.0021313575227465877,-0.0021479725243448906,0.0021249842774433317,0.0021407886768374657,-0.00563874117227846,0.0013997364735713438,-0.00419214226244308,-5.125915361388155e-5,Coenonympha pamphilus
b_Sexmale,-0.033613741261817376,-0.033631720004514844,0.0030815932799257164,0.0030682788309495316,-0.03865794147725857,-0.028420160884708494,-0.036596704850011263,-0.03061908413289135,Coenonympha pamphilus
b_Sexundetermined,-0.0162375284931295,-0.016243760990234335,0.0027908002910849252,0.0027576728125898956,-0.0208952798448814,-0.011625331650232587,-0.018856521725675215,-0.01357640535498274,Coenonympha pamphilus
sigma,0.0660181303116461,0.06600942390950057,8.491461099785327e-4,8.302337026925949e-4,0.06465486605288202,0.0674712289995959,0.06520448148507742,0.06683377065244009,Coenonympha pamphilus
Intercept,2.681762566212063,2.6817523102973237,0.0012018224778534512,0.0012328853056832333,2.67980300528942,2.683761408149368,2.680606046254152,2.682915520477785,Coenonympha pamphilus
lprior,-3.211846253113717,-3.2118480693924547,2.0292934133006566e-4,2.071599629404881e-4,-3.2121757634131645,-3.211511981509627,-3.2120423763699364,-3.2116526530176936,Coenonympha pamphilus
lp__,3968.2396868546434,3968.57588562593,1.8946446936425307,1.7271402283843755,3964.6746701350185,3970.692128492145,3966.557990241505,3970.006642493066,Coenonympha pamphilus
b_Intercept,2.921434287399863,2.9242741921878324,0.11112006750442875,0.11092357595355165,2.7380587609933023,3.1017273421761975,2.8140349898704358,3.0254167389048505,Polyommatus icarus
b_YearRescale,0.026483430225178583,0.026361756874934424,0.0055743028351488404,0.005651008481748683,0.017728196098411336,0.035733043469897134,0.021019066843296012,0.03199594013802681,Polyommatus icarus
b_Temp,0.002424700084091435,0.002428776550539788,7.554242618785532e-4,7.808037814984592e-4,0.001198599224710491,0.003672258430933635,0.001677505095330004,0.0031706492489862958,Polyommatus icarus
b_Latitude,-0.007474936880367132,-0.007525196102911376,0.002130471734194161,0.002108291725581228,-0.010944750471527062,-0.0039459950233509,-0.009493766452104023,-0.005425034176068731,Polyommatus icarus
b_Sexmale,0.02850435412163382,0.028528904923463612,0.002942699820177451,0.002999009172618521,0.02386828170998547,0.03325152240127214,0.02563029494895774,0.0313869553688925,Polyommatus icarus
b_Sexundetermined,0.034487541108514125,0.03444914894456561,0.00216846403384592,0.0021497023963792687,0.03096643760142299,0.038113083877646274,0.032436545090262656,0.036561317210918924,Polyommatus icarus
sigma,0.06026212865050012,0.06025583485967097,6.680470573827802e-4,6.601879552770824e-4,0.059191627451621924,0.0613511192986014,0.05962496160167885,0.06089144467168332,Polyommatus icarus
Intercept,2.6311849961147447,2.631184852441429,9.872147653839285e-4,9.671695219655498e-4,2.6295486620656257,2.6328167016713895,2.6302370962881607,2.632150845365803,Polyommatus icarus
lprior,-3.220537172066991,-3.220537310237799,1.7605164618096712e-4,1.7040901804474297e-4,-3.2208278708484785,-3.220246687091076,-3.2207078068775883,-3.2203658774228314,Polyommatus icarus
lp__,5211.566374344508,5211.928193377153,1.8726305553316123,1.6726922576521186,5208.042982178728,5213.9473199432305,5209.810749806308,5213.272030645214,Polyommatus icarus
b_Intercept,3.302082327163016,3.301428222809401,0.07723168696568779,0.07493661912607166,3.1736894758015786,3.4292488600712114,3.228921238844871,3.3759047832465856,Maniola jurtina
b_YearRescale,0.011512372916139572,0.011537267736172696,0.004929454758229156,0.004939460176020425,0.00322916194385385,0.01963328354093517,0.006699437311844136,0.016343228726559085,Maniola jurtina
b_Temp,4.888418093189519e-4,4.834877846071885e-4,8.22483869954166e-4,8.246388922612152e-4,-8.715301984990264e-4,0.001853595816342797,-3.014861109744994e-4,0.0012790068032246527,Maniola jurtina
b_Latitude,-0.0034869763403777166,-0.003481320272297966,0.0014922117825186911,0.001453510180736222,-0.005960268061796653,-0.0010212958966399274,-0.004902918007715467,-0.0020736482591605806,Maniola jurtina
b_Sexmale,-0.09742045396512476,-0.09743137707415256,0.002196018227969704,0.002235739958484431,-0.10107064440607955,-0.0938324848688974,-0.09956019227902016,-0.09525939445580853,Maniola jurtina
b_Sexundetermined,-0.016970651066988484,-0.016924376547072725,0.0023064134124303006,0.002276510786737161,-0.020812173230562697,-0.013232982061469199,-0.019250142130184632,-0.014756588646361436,Maniola jurtina
sigma,0.06391157871842003,0.06390738388026662,6.721124028209235e-4,6.889589766220662e-4,0.06280500112551694,0.06499946050216149,0.06325424817691405,0.06458958538914358,Maniola jurtina
Intercept,3.1072998857436103,3.1072996155206676,9.49414957334779e-4,9.70604284977008e-4,3.1057639460926167,3.1088706075944317,3.1063665988991596,3.1082309699940476,Maniola jurtina
lprior,-3.1580299270625565,-3.1580285435892854,7.940259616201859e-5,8.056388763061467e-5,-3.158158375448586,-3.1579000938553037,-3.1581077957344625,-3.157951627643675,Maniola jurtina
lp__,6292.386226611368,6292.673595365037,1.8536562691776346,1.7674239185942826,6288.990977488219,6294.825327323683,6290.667516953183,6294.123815413304,Maniola jurtina
b_Intercept,1.9063569137975291,1.908469282257677,0.1386711853896211,0.14371375999804673,1.678823966214853,2.1317524562860086,1.770019257114861,2.0436822398910666,Polyommatus bellargus
b_YearRescale,0.015334652581902745,0.015364621596484856,0.004422907891262647,0.004321731439803536,0.008055025657226095,0.022536987557744668,0.010967450400140024,0.019578175360886563,Polyommatus bellargus
b_Temp,-9.365878083323595e-4,-9.420537701497149e-4,5.627458953060692e-4,5.729784790968211e-4,-0.0018406686186710397,-5.414779154152286e-6,-0.0014857477992829189,-3.865275004201979e-4,Polyommatus bellargus
b_Latitude,0.014867574775785139,0.014881545510643326,0.0027123299919660435,0.0027842014363565087,0.010495278784994433,0.019305642675829435,0.012174154640663655,0.01753918492806149,Polyommatus bellargus
b_Sexmale,0.02133980181478391,0.021340885685182893,0.0017707162501495865,0.0017562493279356284,0.018481197861412276,0.0243533002802455,0.019604018389141487,0.023016117050239895,Polyommatus bellargus
b_Sexundetermined,0.033604565800669464,0.03362191271806022,0.0016296591979005825,0.0016302452221957815,0.030948565145170696,0.036320452584074465,0.0320088948117292,0.03518301755995491,Polyommatus bellargus
sigma,0.04744258139272781,0.047435665874621356,4.912846733772319e-4,4.875811056981624e-4,0.046640357029280974,0.04827094580489771,0.0469659823930408,0.047922590135551,Polyommatus bellargus
Intercept,2.689198824358238,2.689212362695266,6.991227989567242e-4,7.144188108431559e-4,2.688008356001656,2.6903245876277406,2.6885113694053984,2.6898929304559416,Polyommatus bellargus
lprior,-3.2103733445229587,-3.210371027178572,1.1682196402287422e-4,1.1883088002187606e-4,-3.2105711918629463,-3.210184593436584,-3.2104890210181845,-3.210256969548676,Polyommatus bellargus
lp__,7863.61869173125,7863.931958207092,1.8308153418163233,1.7627501307450786,7860.238727639208,7866.053709758243,7861.892979975179,7865.350913550194,Polyommatus bellargus
b_Intercept,4.307824477864978,4.3069817961258465,0.07898371804085343,0.0786939097348682,4.180085179931785,4.438945768148221,4.23368311836927,4.382397406336512,Plebejus argus
b_YearRescale,-0.01646681639926614,-0.016479203732205523,0.00607375681216215,0.0060561236928436905,-0.02641118733947343,-0.006709314400327996,-0.02239586041540056,-0.010507397953770132,Plebejus argus
b_Temp,0.004269534964283157,0.0042699977435759606,8.629194286448966e-4,8.638616670525087e-4,0.0028572981752301467,0.0056776495135340225,0.003436132076758155,0.005115754259927188,Plebejus argus
b_Latitude,-0.03611435966072982,-0.036109233737218534,0.0014894116100429642,0.0015028266873287968,-0.038524125384347074,-0.03367658610970079,-0.03754888623742002,-0.03470200170213482,Plebejus argus
b_Sexmale,0.04778981318613041,0.04785105018144679,0.0025777736098060605,0.0026461329678012005,0.043357510250615176,0.051885229204736504,0.0453041959472124,0.050331421605439165,Plebejus argus
b_Sexundetermined,0.05383393508949132,0.05381906552377477,0.0024591814276557922,0.0024285137436958317,0.04976361914922818,0.05790951540497568,0.05143974027858158,0.0562072320636174,Plebejus argus
sigma,0.08556219693578099,0.08556142175965298,7.315501471863952e-4,7.361972997335507e-4,0.08435576205623391,0.0867807401669882,0.08485802560523541,0.08627323158500484,Plebejus argus
Intercept,2.5153826261591514,2.5153783914424475,0.0010155539510227952,9.713900961404558e-4,2.5137063324093716,2.5171019286043306,2.5144341378752086,2.516324853563949,Plebejus argus
lprior,-3.2428184557058253,-3.242820389472023,2.03237796928839e-4,1.9588954513780895e-4,-3.2431528653300528,-3.2424781274144765,-3.2430068175898725,-3.2426292295494252,Plebejus argus
lp__,7380.827742092266,7381.180835843743,1.8838913362842349,1.7158542389244689,7377.292009927748,7383.229266143943,7379.13276116279,7382.565413464941,Plebejus argus
b_Intercept,3.5177486252752077,3.516991603006112,0.055493521420536006,0.056792584909513506,3.4269514342013565,3.607600557738676,3.464386154399126,3.5729156801457647,Polyommatus coridon
b_YearRescale,0.027308292866782775,0.027348688737740785,0.00303070038450055,0.003066179470916832,0.022378989800861185,0.03235258249813311,0.02438470336611089,0.030220511212338014,Polyommatus coridon
b_Temp,0.0018472879394654605,0.001837052147373916,4.867050339068642e-4,4.989329221545417e-4,0.0010672187504517387,0.0026505631093228844,0.001363006224171684,0.0023297783928382986,Polyommatus coridon
b_Latitude,-0.016172763956461885,-0.016159264393848273,0.0010203199960233755,0.0010335285916813052,-0.017845578779904284,-0.01451933609582731,-0.01718073046730429,-0.015171899152918408,Polyommatus coridon
b_Sexmale,0.037849935564798855,0.037863476397235404,0.0013906987448199758,0.001366928877622744,0.03551957030448058,0.040096930809795345,0.0365399220486972,0.03916276416678838,Polyommatus coridon
b_Sexundetermined,0.04581406346042216,0.04581216764031311,0.0012068353364732107,0.0011901989873840742,0.04383247162527584,0.047783636785762265,0.04464695230061636,0.046988230998605725,Polyommatus coridon
sigma,0.06890526005129481,0.06890349855265614,3.579283973030552e-4,3.532836198079529e-4,0.06830623079845133,0.06950603809020223,0.0685597011694874,0.06925585424891333,Polyommatus coridon
Intercept,2.7797590255985525,2.7797531082352696,5.075008274356196e-4,4.943502963214748e-4,2.7789365736847924,2.780612146393113,2.779268010248834,2.780241563010621,Polyommatus coridon
lprior,-3.196299819088321,-3.1963007465315023,7.609339013536446e-5,7.521627052935233e-5,-3.1964225336093017,-3.196171662217775,-3.1963729176103803,-3.196227576272137,Polyommatus coridon
lp__,24594.411526129014,24594.698785890414,1.8792465321117902,1.7295663146656624,24590.878221038336,24596.87405877468,24592.756744855236,24596.165530126178,Polyommatus coridon
