variable,mean,median,sd,mad,q5,q95,rhat,ess_bulk,ess_tail,Sp,Sex
b_Intercept,26.212150693392353,26.196903847591372,6.7052788464569115,6.616500201376369,15.279476660878927,37.0831284251979,1.0006112559769609,5056.53744745596,2785.892213998309,Pararge aegeria,undetermined
b_Year,-0.005606647808580507,-0.005566010985444058,0.0027064337485552003,0.0026497768622351097,-0.010135147284753437,-0.0011920538639609412,1.0009414806049277,4967.404074459496,3213.414293897887,Pararge aegeria,undetermined
b_Temp,0.22899591836932076,0.2298913793240046,0.10711159031729861,0.10606624487477348,0.051932601647100465,0.40783265556708276,0.9996915020891783,3745.7403694406644,3105.006691629755,Pararge aegeria,undetermined
b_Latitude,0.07853943632556323,0.07562194584910613,0.10611366486002163,0.10457364498579726,-0.09477109943839182,0.25778293832562665,1.0003777427314038,3888.508047609621,2772.7436683068427,Pararge aegeria,undetermined
sigma,0.9592414597837189,0.9543907893196765,0.06407449807120616,0.061660439967215395,0.8594530912127123,1.0716678537153874,1.001059600101927,3992.368142711917,2914.9298711929882,Pararge aegeria,undetermined
Intercept,21.35602418291245,21.353832467321546,0.08734812670434755,0.08623826847187399,21.216004783229767,21.501019504487694,0.9998323386992055,4315.444670114544,3038.123638772823,Pararge aegeria,undetermined
lprior,-3.23842492083078,-3.237095231550735,0.012806667962103968,0.012067366000674385,-3.261283919749367,-3.2192414404722856,1.0012600128177171,3901.7674054081467,2981.7012379901853,Pararge aegeria,undetermined
lp__,-169.36723064264376,-169.02871785635622,1.65583616788283,1.4350363070625556,-172.49043894540344,-167.3794322407595,1.0018068557890918,1933.120266007866,2342.5361571553913,Pararge aegeria,undetermined
b_Intercept,8.585639718551962,8.69220959619862,6.290143488445112,6.135225956074676,-1.8447749028388356,18.954755276044263,1.0016779434979692,3712.3471097739975,2753.2123231184605,Pyrgus malvae,undetermined
b_Year,0.0010977490784704923,0.0011042644378109518,0.0014141928174323758,0.0014179457312124256,-0.0011770121041173723,0.0033608791261529962,1.0029389920359653,4698.919480472591,3058.668800068422,Pyrgus malvae,undetermined
b_Temp,-0.01166432077511088,-0.012080273631147314,0.057690865293651424,0.05893034024165094,-0.10567355135038098,0.0827162848039016,1.002411353765566,3130.493077667989,2270.6293519865794,Pyrgus malvae,undetermined
b_Latitude,0.013834783283034563,0.016542921658252673,0.1138820801214833,0.11337482147215207,-0.17099071395091728,0.20398907485090959,1.0016109382021323,3552.6690224508407,2219.5926392865194,Pyrgus malvae,undetermined
sigma,0.5201062782391755,0.5177069365134898,0.03693279679652595,0.03659540729043023,0.4642727342412384,0.5857255144470168,1.0010194119517775,3623.9954993900087,2527.564854698802,Pyrgus malvae,undetermined
Intercept,11.244582735650116,11.244136694981849,0.049829485573762385,0.050153441641253724,11.163645921231717,11.328185152965757,1.0007407722120905,3873.7086058444224,2807.0035042926165,Pyrgus malvae,undetermined
lprior,-6.913698692029029,-6.913339823206888,0.017115874585654473,0.017027986580310944,-6.942209270191367,-6.886023645318786,1.0015903904999535,3736.4577943120344,2498.0494973406176,Pyrgus malvae,undetermined
lp__,-89.45366502226986,-89.12266000370305,1.6434748929769638,1.453518888108052,-92.61293911426738,-87.47738779310262,1.004409643509811,1649.209154777387,1970.5750706190427,Pyrgus malvae,undetermined
b_Intercept,0.3741076007356532,0.43444879688661864,5.839324010883656,5.765076355907393,-9.437130239169788,9.865537254755312,1.0005663066126416,3386.41830217849,3323.4243581218934,Aricia agestis,undetermined
b_Year,-7.057196604331621e-4,-6.919568797331905e-4,0.002181224018052233,0.002094725626012834,-0.00430428532467741,0.0028737642852806806,1.000359224351177,5144.407568278735,2728.971141238913,Aricia agestis,undetermined
b_Temp,0.1809301035034331,0.18076664203424803,0.08287096900323603,0.08266381447008497,0.04771167375662431,0.3147928376069138,1.0015825481643394,2290.114780510641,2591.358564576199,Aricia agestis,undetermined
b_Latitude,0.2089475321603434,0.2089536840432924,0.07767171035340553,0.075968118053931,0.08298518352171301,0.3366368567163932,1.0016358941170425,2429.9817881418026,2782.146069525333,Aricia agestis,undetermined
sigma,0.7694421142592104,0.7658429368385782,0.05610425730956437,0.055335448190654286,0.6846174009530929,0.8685551775608819,1.001273898653903,3670.0004583568134,3141.276820549177,Aricia agestis,undetermined
Intercept,12.590969492553972,12.592330364718343,0.07691037010372599,0.07502011208687578,12.463134793840624,12.716704663192255,1.0007961796558096,3524.2850307277463,2491.803338124418,Aricia agestis,undetermined
lprior,-6.477183322931209,-6.476563688403108,0.02948156673346916,0.028609240303288663,-6.526767311382428,-6.429883044102926,1.0002934017787468,3414.3721041101408,2290.1990831789653,Aricia agestis,undetermined
lp__,-120.52859082838985,-120.17025732273027,1.684260996301923,1.4586991776136708,-123.80629454141682,-118.51008898707065,1.0010024371331134,1646.5745940752388,2452.8091950212724,Aricia agestis,undetermined
b_Intercept,10.4076759601739,10.395760836579822,8.081850900722607,7.958751985671436,-3.056476605556196,23.52511548611173,1.000680405075439,3617.802139212516,2853.1361991455233,Coenonympha tullia,undetermined
b_Year,0.005580290393801471,0.005594353771985647,0.0034239922833838744,0.0033921817972618605,-5.187376532113934e-5,0.011225451051473607,1.0008848691851382,5070.90576609936,3001.9147555480085,Coenonympha tullia,undetermined
b_Temp,-0.02374044548278784,-0.020795182742034117,0.10224671967616936,0.10314810587905526,-0.18957950355906206,0.14389368867348448,1.000450453092911,2368.5595935045203,2326.2210321715015,Coenonympha tullia,undetermined
b_Latitude,-0.03920628868644328,-0.0402681081250673,0.08562355346610175,0.08528620309989259,-0.1823506665152879,0.10330860154693812,1.0017587936772,2392.4707719045377,2603.6730780300413,Coenonympha tullia,undetermined
sigma,0.7771592394498638,0.7737628484369732,0.05801159202485251,0.058038510493421985,0.6889338471704405,0.8790594426156256,1.002349187793229,3552.7238260290196,2309.680098924007,Coenonympha tullia,undetermined
Intercept,18.675840334841183,18.674560542523352,0.07983067122525489,0.07972707471449149,18.54461455874153,18.810435634076768,1.0002277335856296,3592.5969064792444,2611.2337837330297,Coenonympha tullia,undetermined
lprior,-3.872076593107574,-3.871772469370801,0.03439928045843809,0.034261821944960226,-3.929989340482891,-3.8157388897438222,1.0004171038758778,3655.5047414447336,2682.1186086138227,Coenonympha tullia,undetermined
lp__,-116.72546734191069,-116.4012395442036,1.5887400490314694,1.3965156061407238,-119.74805855587287,-114.7817001982172,1.0031375857532596,1759.965855826473,2428.6176061934843,Coenonympha tullia,undetermined
b_Intercept,25.89409742194238,26.01134164760268,23.526701049967564,23.548457232350934,-11.511270458431325,64.72310815185857,1.000534936397632,3977.5002244566367,2919.9663107573137,Limenitis camilla,undetermined
b_Year,0.014601376239026973,0.014547550526541178,0.004744046194657341,0.004864499287511723,0.00684239903174789,0.02239759699321209,0.9999305861857256,5162.252837675838,3315.4601812629776,Limenitis camilla,undetermined
b_Temp,-0.010148616427700567,-0.013406933268805134,0.17469128068016523,0.17551898061760798,-0.2907634109675105,0.27744651579959384,1.0009414201858104,4693.745673471775,3090.7708646797837,Limenitis camilla,undetermined
b_Latitude,-0.5035436665237775,-0.49840228645907025,0.44839078398484544,0.4458203547034325,-1.2336550181134909,0.21183989842255227,1.001635683347063,3585.4314568183718,2654.192595589852,Limenitis camilla,undetermined
sigma,1.583881056088183,1.5753502191270397,0.11765500332297166,0.11230095874583648,1.408030771771233,1.7931189938120582,1.000754436661222,4385.556221851354,3170.6333561072815,Limenitis camilla,undetermined
Intercept,28.142907943130993,28.143547557774014,0.1598515191173443,0.15911593883759378,27.881462819860985,28.40608303976785,0.9999584047803123,4142.249825448822,3019.708508653058,Limenitis camilla,undetermined
lprior,-5.855153243293347,-5.8516471250953845,0.07449631927523252,0.07330177361336075,-5.985364337355399,-5.738705089335343,1.0000362295596326,4268.510087308552,2848.0672062622316,Limenitis camilla,undetermined
lp__,-187.20113165145636,-186.88054957130817,1.6193979530329625,1.4559974362036079,-190.2719868721301,-185.2501796686365,1.0005303571758242,1798.9554371506251,2361.819570114405,Limenitis camilla,undetermined
b_Intercept,22.941063882182906,22.87513420291145,7.920252722828751,7.969540621607742,10.142072047533194,35.85104183347138,1.0006733588512147,4026.027555794347,2317.625687728332,Lycaena phlaeas,undetermined
b_Year,-0.001156844762869423,-0.0011245676794557143,0.0034634493059711533,0.0034879482648224216,-0.006982498208947173,0.004456631630835884,1.001627287196043,4445.570437403263,2571.8971127234654,Lycaena phlaeas,undetermined
b_Temp,-0.15174887880333882,-0.1523263009266581,0.0811141605138684,0.08128832099202121,-0.2859487872373455,-0.016221648344273282,1.0005727584177673,3493.2806487732228,2801.978151390658,Lycaena phlaeas,undetermined
b_Latitude,-0.08197804784027557,-0.08198092203972919,0.07492212596064984,0.07408649092835423,-0.2055970123482938,0.040769751069319377,1.0009010430954717,3222.979326087664,2943.202711979398,Lycaena phlaeas,undetermined
sigma,0.8473649700175474,0.8438289870789221,0.06272087667743795,0.06195753367251035,0.7528308203658116,0.958646934582678,1.0011988648413068,4116.635472134151,2896.211685453929,Lycaena phlaeas,undetermined
Intercept,14.118840858626204,14.119488042467006,0.08519902912845186,0.08568363100020275,13.97904522697234,14.254849633397207,1.000211560505764,4239.723968050236,2236.315955778437,Lycaena phlaeas,undetermined
lprior,-5.901062241154469,-5.900139014222542,0.03640693701663668,0.036334108721229365,-5.962054038035242,-5.843190451895579,1.000391799960771,4262.308069238815,2286.061320027616,Lycaena phlaeas,undetermined
lp__,-127.07374965458831,-126.75678005862794,1.578032863116215,1.4279149541802936,-130.03302293960877,-125.13372493764564,1.0040740480652652,1901.84314860021,2327.574868618112,Lycaena phlaeas,undetermined
b_Intercept,0.4007498074439279,0.3759054061292062,10.909513627039368,10.895236081269491,-17.5937714825786,18.324897201087808,1.00079525787335,3772.187463027063,2898.733743298728,Speyeria aglaja,undetermined
b_Year,0.0015294696073242875,0.0015532021603043254,0.004833327349183063,0.0047864224621856095,-0.006505089194957989,0.009305090114691975,1.000076135053691,3659.460814890745,2852.307327523102,Speyeria aglaja,undetermined
b_Temp,0.5146242458297481,0.5173566727502978,0.20605554197350967,0.1987667484017433,0.175382382492136,0.8530625794157652,1.0018942222619547,2174.9576956994033,2285.350730684077,Speyeria aglaja,undetermined
b_Latitude,0.3868652537254478,0.3871425816956513,0.130317329320091,0.12803453360631828,0.17433779435933475,0.6015284462352755,1.0010867323846357,2232.6410294462626,2447.7723544534874,Speyeria aglaja,undetermined
sigma,1.4917309175222693,1.4832989840732127,0.11672624392531135,0.1101915239262886,1.3176764581718274,1.6904980991940057,1.0022439302473514,2770.3544279537064,2189.714480152963,Speyeria aglaja,undetermined
Intercept,27.613307645329925,27.615232269821092,0.15650999640654747,0.15645806667449966,27.35430084519787,27.863195742330937,1.0014087694550784,2962.46051604054,2529.216215412741,Speyeria aglaja,undetermined
lprior,-5.602367176252568,-5.600766485223432,0.07501811393615022,0.07716918017620332,-5.726476342886804,-5.4833443971036075,1.0003505202468534,2904.330991536583,2386.2396569223597,Speyeria aglaja,undetermined
lp__,-173.972420818729,-173.60376756647173,1.7444354761734966,1.4693559258177789,-177.1980870917404,-171.9410729263966,1.001488102914128,1585.5021898159464,2124.362397913243,Speyeria aglaja,undetermined
b_Intercept,6.472808228954704,6.4258397716298905,7.6000608813573844,7.579581747702271,-6.112127388322549,18.878412270356318,1.0001404048800315,4152.768493269622,3196.1098578894675,Erynnis tages,undetermined
b_Year,4.4403269464714695e-4,4.622282305878082e-4,0.0018581565412059864,0.0018080633950278066,-0.002654890792904995,0.00354561355195244,1.0007031134811109,5189.883832239091,3360.7703549823696,Erynnis tages,undetermined
b_Temp,0.03283404861584976,0.03302274486406344,0.07157596722123942,0.07060178163071121,-0.08502282654591126,0.1527885890568265,1.0008187644603985,4335.810986415241,2947.3743818035014,Erynnis tages,undetermined
b_Latitude,0.08486412245587799,0.08510674674990223,0.11317172003280819,0.11475486686153678,-0.1018808387739999,0.2724409936373107,1.0009544643970805,4056.3417843416487,2927.483792481757,Erynnis tages,undetermined
sigma,0.5875008374631386,0.5841796630437079,0.04743773089136152,0.04647944834716823,0.5138657083461207,0.6708711139113472,1.0006913390974959,3675.5038070490514,2524.6694512550916,Erynnis tages,undetermined
Intercept,12.202017567753199,12.202892375369586,0.06299847213330968,0.061033786779592314,12.09787292750167,12.30539797907094,1.000497369419205,4395.218136442525,2382.4569712704965,Erynnis tages,undetermined
lprior,-6.591782729932446,-6.591265316313036,0.023186233195941017,0.02239241192188323,-6.62961009517384,-6.554482092517665,1.000144032641491,4356.21622406817,2617.538426941875,Erynnis tages,undetermined
lp__,-82.7088495950128,-82.39231776631124,1.5960017921199248,1.4591357598166548,-85.78591082144665,-80.72052353671582,1.0011956536138717,2001.2704324292997,2438.9634352276644,Erynnis tages,undetermined
b_Intercept,-36.57366760518648,-36.55260776789524,14.568116874449325,14.492463716474903,-60.55773163716806,-12.234040745658392,0.9998632734395285,4089.144421357368,3001.8304603138276,Aglais io,undetermined
b_Year,0.028763838247223016,0.02878768809314146,0.006123337025278273,0.006188701015678459,0.018769525163124783,0.038931180448557846,0.9996968195839042,4583.532448174629,2807.12128644374,Aglais io,undetermined
b_Temp,0.3042389747739654,0.3093487417700389,0.19136344002077899,0.1886090318363771,-0.015494517944441238,0.6125460116334536,1.0038395937839975,2854.615760646347,2596.2761876197123,Aglais io,undetermined
b_Latitude,0.09774538822879415,0.0978198422198942,0.1913289092255829,0.18794458781301487,-0.21644434160074627,0.4110165617775596,1.0019503266541472,2993.1062749406788,2770.4847132156438,Aglais io,undetermined
sigma,1.6960749709032827,1.6860542888947538,0.1369886535642065,0.13224777232494592,1.4856120329064317,1.9377468676140273,1.000748164910059,3986.330527085221,2936.847892272892,Aglais io,undetermined
Intercept,28.4415361467687,28.442737865120037,0.18556145843109537,0.18561353474774506,28.13455936861186,28.755013555508793,1.0018288807590765,4533.760105320667,2894.711077549739,Aglais io,undetermined
lprior,-6.013891962931259,-6.01320374062756,0.08629832746769678,0.08548958120980886,-6.16147222251996,-5.878464587575726,1.0024736382997097,4575.072099440236,2594.2357233258867,Aglais io,undetermined
lp__,-168.42072909312714,-168.08927604515333,1.6284855375273584,1.5017931561251978,-171.54258432188257,-166.3797406111114,1.0024171541718674,1891.709792104154,2588.1375890190193,Aglais io,undetermined
b_Intercept,-36.7134920228086,-36.49070398509461,40.73616482796053,40.28261353721767,-103.20332442460054,32.76992556468076,1.0016566676706296,2781.700833459451,2609.158001611696,Polygonia c-album,undetermined
b_Year,-0.00496633364102182,-0.004937539477664812,0.008211415014778787,0.008162233076041803,-0.018641480064048484,0.00847775295578726,1.0010725510541976,3186.302415630155,2462.6789532998514,Polygonia c-album,undetermined
b_Temp,0.3589063269341792,0.35726531350334034,0.19443356848203797,0.1910019728417355,0.0479780616978538,0.6794979637547273,1.0009986391814958,3724.5112387372847,2787.0119155972206,Polygonia c-album,undetermined
b_Latitude,1.296564784880357,1.3034922071284538,0.5281882277768271,0.5171869530449335,0.42105749396216674,2.1739513318993238,1.0009271032360367,2892.6557358985547,2758.0075817692104,Polygonia c-album,undetermined
sigma,1.5195376237998015,1.5097109023367339,0.12257731741762358,0.12014121477452397,1.3327677859582947,1.7380498231579034,1.0000677813187704,4414.82808615412,2866.203108658565,Polygonia c-album,undetermined
Intercept,23.536043695552817,23.536365624479004,0.1705369641885312,0.16767750332194986,23.252566683899584,23.812864546638753,1.0018375816350709,4802.2154250468475,2521.8808366529065,Polygonia c-album,undetermined
lprior,-3.811710607250333,-3.8077343915248765,0.07121053817315957,0.06738060317743365,-3.937608999191708,-3.7001282504748843,0.9998465549017461,4664.387430064429,2898.378324884864,Polygonia c-album,undetermined
lp__,-151.6713003236221,-151.35758708773284,1.6146353616348574,1.4522440026865469,-154.60717372358434,-149.68045928359814,1.0007134247266687,1761.7689484997832,2337.0878310589615,Polygonia c-album,undetermined
b_Intercept,7.483628481665787,7.379720041514673,12.413019254141165,12.136424720683642,-12.44870989655103,28.001050596126213,1.000952158151376,3602.1063765888384,2666.8370899255183,Aglais urticae,undetermined
b_Year,0.013117608886497115,0.013093977417292015,0.004868318165754901,0.004900615690107052,0.005332225638668826,0.020949162828644126,1.0000268433629562,5134.530011474845,2728.449310149547,Aglais urticae,undetermined
b_Temp,-0.03539222083701555,-0.034859040382047686,0.1828935774212058,0.18215145748161563,-0.3332925382356574,0.264004632915485,1.0001290642244112,2608.837946822355,2542.9755948439974,Aglais urticae,undetermined
b_Latitude,-0.15335578574629039,-0.1502555762323183,0.1286395836035111,0.1246501906646074,-0.3735013551073465,0.053590958348673626,1.001391199788963,2595.6003833298046,2564.685945606458,Aglais urticae,undetermined
sigma,1.367545009870198,1.359053313611028,0.11372475537614933,0.1080454217099321,1.194913684608817,1.575486628719022,1.0000165301910795,4164.056819134823,2323.345946414693,Aglais urticae,undetermined
Intercept,24.552873603831355,24.553712650623133,0.1597521534011447,0.15913712417312456,24.291327933215047,24.814963347155143,1.0010294384987304,4251.318982748364,2666.8915632350245,Aglais urticae,undetermined
lprior,-4.183684315594837,-4.181078134099712,0.07556493828081211,0.07441276535422743,-4.311877804261994,-4.062937922113455,1.0003503652249097,3869.1500673187084,2796.024103233069,Aglais urticae,undetermined
lp__,-134.99730043964885,-134.66020987541125,1.6117248378218916,1.5034724322951114,-138.01648629853423,-133.0217130692415,1.0006705893739642,1724.8689732495511,2490.033136689886,Aglais urticae,undetermined
b_Intercept,2.9545514853072463,2.9060243541368385,12.252540145533272,12.286291954390817,-16.93776755409335,23.679539778655023,1.0000562198629073,4461.18311442185,2945.7973269026106,Pyronia tithonus,male
b_Year,0.00908620521708336,0.009113420199407783,0.003388346571197876,0.003343122741558921,0.003551272175703303,0.014670971279878426,1.0011285477856222,4770.976272322194,3285.7147546627907,Pyronia tithonus,male
b_Temp,0.04142331430532318,0.042005322991136865,0.10108839433944432,0.09824629601852185,-0.12544517425313176,0.20962050472807434,1.00022491642126,4329.179615143961,3307.212291864948,Pyronia tithonus,male
b_Latitude,-0.06195267635805736,-0.059420021802412924,0.23292279223493695,0.23481086499165701,-0.4572586320477691,0.3115326233885121,1.0007310387699315,3731.979416064421,2571.1802076033778,Pyronia tithonus,male
sigma,0.8003833195757392,0.794593511355866,0.07003926998596756,0.06722492316163782,0.6956305116710009,0.9238294807018188,0.9995460812550694,4130.402137655916,2355.7999378814798,Pyronia tithonus,male
Intercept,17.90857638301359,17.90615043909646,0.09131821850593659,0.08721043002416393,17.758975280640886,18.05997915236466,0.9997586104822628,3791.7490093045553,2706.3077305567517,Pyronia tithonus,male
lprior,-4.210703197858922,-4.209900481941651,0.04233407982697257,0.040223030716879694,-4.283253239552706,-4.141804642829225,0.9995887615801486,3990.4802081717453,2798.4556007941164,Pyronia tithonus,male
lp__,-91.00918032442095,-90.66315292999016,1.5972467080503465,1.3985782264097386,-93.99959935935112,-89.066171918814,1.0004281151528038,1703.5124146096675,2421.5562257079564,Pyronia tithonus,male
b_Intercept,3.581383797458357,3.4612799995652406,18.671977071203948,18.662930016888996,-26.274192607689038,34.47655174193413,1.0004993204339503,4439.195145909022,2830.2254672672334,Hesperia comma,male
b_Year,0.002936685588663746,0.0029412751370333414,0.002837773107671478,0.0028426208176963318,-0.0016761049317078512,0.007652128364870646,1.0005552967298297,5504.585040128692,3621.0640873802654,Hesperia comma,male
b_Temp,-0.2519712243113081,-0.2500846815932404,0.15231930211465486,0.14813453664162224,-0.5042884911650427,-0.0041710521175961955,1.0005066422432083,4267.137395498661,3252.2637363917215,Hesperia comma,male
b_Latitude,0.11879937331925822,0.11959484461677969,0.33588641647553585,0.33443905176974864,-0.43973013230762537,0.6692472005956919,1.0011009164875309,4460.046936292481,2618.60774880494,Hesperia comma,male
sigma,0.7163879444941987,0.7111906376987549,0.0683271515729267,0.0674357656543755,0.6144482290741468,0.8376212672310192,1.0023262909501,4145.9538380428585,3123.5145848677766,Hesperia comma,male
Intercept,13.244935873307037,13.244900281190105,0.09390392405293098,0.0914968145735118,13.088309127060503,13.400101532309492,1.000479162131166,4934.268695403337,3185.2491275804714,Hesperia comma,male
lprior,-6.224468113030223,-6.223647361815379,0.03736879705376256,0.03566728589780256,-6.287917887008567,-6.163297385325805,1.0001746967048708,4914.912741626032,3181.06891803776,Hesperia comma,male
lp__,-72.10788590509887,-71.74156500405253,1.674770603832092,1.493472609748213,-75.22085937183152,-70.0589949575461,1.0008938368981384,1944.7182131207016,2511.2745440201275,Hesperia comma,male
b_Intercept,22.940882175383564,22.94074631573853,13.464189359984095,13.237537470018951,0.23148417734812246,44.78486446429915,0.9998791449745489,4183.368109549998,2853.595201227259,Polyommatus bellargus,male
b_Year,-0.005865885658516514,-0.005933684658185778,0.0032517569410931246,0.003149203620549813,-0.011334579348119765,-5.248492919839893e-4,0.9996425166693654,4744.495928838639,3022.1779062298606,Polyommatus bellargus,male
b_Temp,0.06645340426510088,0.06834067505996017,0.15286126810035294,0.1496971208926973,-0.18959680426134193,0.3216590543929346,1.001084993991034,4321.5667552239465,3117.5088142502495,Polyommatus bellargus,male
b_Latitude,0.051237219755970564,0.04654460166398893,0.20572879920620457,0.20046538352242194,-0.2823520300301889,0.3926968738826143,1.0000642007210803,3815.0203672816906,3100.9461360490945,Polyommatus bellargus,male
sigma,0.8564165628357382,0.8498340964107232,0.08154003763544784,0.079413232876703,0.7331225845949574,1.0016631294590552,1.0020167788944516,3859.971347688207,3046.020449121196,Polyommatus bellargus,male
Intercept,15.216781277648037,15.215802642101561,0.11437079783797653,0.113027027164092,15.027193987606832,15.405029398400384,1.0009110125403027,4509.163700134621,2993.7989231361453,Polyommatus bellargus,male
lprior,-5.441516826948737,-5.440384050850772,0.05146573495256689,0.050474987085378474,-5.529722207949744,-5.359176928266791,0.9999148973144766,4570.239131728368,2901.806784615472,Polyommatus bellargus,male
lp__,-80.74765003915506,-80.40454846149763,1.6205330838412404,1.4657292720577082,-83.85483678646207,-78.78922187470693,0.9996771536162263,1681.8148376277122,2465.5060786214963,Polyommatus bellargus,male
b_Intercept,-0.9527446883871317,-0.7101767455087646,9.527803460366297,9.283503505635908,-16.395264376598483,14.463412231041808,1.0001424917573067,5044.196271681035,3338.491253477939,Leptidea sinapis,male
b_Year,0.0028244624692082554,0.0027958926229317118,0.003030201174816807,0.0029474163965290305,-0.0022136144666990674,0.007792921966791399,1.000344467626257,5067.733761609651,3381.4393036837496,Leptidea sinapis,male
b_Temp,-0.13793031945745465,-0.13845316758653226,0.10185260762526065,0.10391794513222026,-0.3031628925705161,0.03156682373337035,1.0006046828218738,4255.69748066506,2901.2779006288297,Leptidea sinapis,male
b_Latitude,0.34183600566754785,0.3443456581666715,0.16433549172708772,0.16366658566552206,0.07594571091973958,0.6116415264666375,0.9999516656630751,4268.940812932955,2755.805333579877,Leptidea sinapis,male
sigma,0.842703236750432,0.8356456394841618,0.08394212371651946,0.08277370079811097,0.7173134921394461,0.9954684375654547,1.0001607799644059,3914.044640013219,2667.2472182517604,Leptidea sinapis,male
Intercept,19.97572306112443,19.974875528844205,0.10972244395101689,0.10502912661249396,19.7943618522415,20.15676953463575,1.0007194161888886,4778.85576863418,2518.136952502213,Leptidea sinapis,male
lprior,-3.4226185439189156,-3.420415598994551,0.0336503688130345,0.03220913233742338,-3.4827169570840835,-3.3715259325614135,1.0009898874517473,4775.478451154475,2412.996678959044,Leptidea sinapis,male
lp__,-75.1962685571376,-74.8442605169077,1.6603806897080713,1.4728757097266916,-78.3781706501228,-73.21494014932696,1.0021759466503541,1821.7940859726982,2550.457394226404,Leptidea sinapis,male
b_Intercept,17.54725699096135,17.426117707742627,9.364180203720611,9.319055804234472,2.091905298819145,32.64311499919513,1.0004557826901928,3155.58901378299,2731.9704591769023,Polyommatus icarus,male
b_Year,5.32770147186038e-4,5.929348663609431e-4,0.0037069344318036513,0.003690434397055655,-0.005589567243598276,0.006453266317602995,1.001039099500474,3650.718514699198,2640.9080779622786,Polyommatus icarus,male
b_Temp,-0.27486845888599976,-0.2769206534010145,0.14854418004309755,0.1467820994351616,-0.5226896742085081,-0.033138333486205124,1.0015636242480492,2484.6678071874894,2670.018841013812,Polyommatus icarus,male
b_Latitude,0.0024313490042908196,0.001987781017482544,0.10905657381822312,0.10971292220955792,-0.17750661480459537,0.1759573369559842,1.0026540400422517,2368.912091397703,2491.8918427529266,Polyommatus icarus,male
sigma,0.9276940491078514,0.9209039403540893,0.09308781157293985,0.08930328169863366,0.789641583290708,1.0940625678444722,1.0031905153468574,2843.6626935514205,2321.918017010771,Polyommatus icarus,male
Intercept,14.641848120030861,14.641907987575253,0.125848336720828,0.12383811708641822,14.435933354130329,14.84908626750692,1.0007630771143319,2987.7287573814942,2338.3429794549706,Polyommatus icarus,male
lprior,-5.7001051172011135,-5.699344188541539,0.05481581383161501,0.0543367868324338,-5.792533221027238,-5.611966421192621,1.0005267068264216,3136.309041598678,2449.935667310936,Polyommatus icarus,male
lp__,-80.31649883791981,-79.94506652878951,1.6957838533147778,1.4751214417084542,-83.64607466992956,-78.30051747477464,1.0009056512800187,1508.8323210434655,2655.5074557751036,Polyommatus icarus,male
b_Intercept,21.042361093287212,21.075073497311113,7.8587795777209415,7.908095885953369,8.18265633704302,33.80950230400172,1.001491542939919,4881.647720773433,3247.678921479483,Thymelicus sylvestris,male
b_Year,6.462777019456684e-4,6.573985909053634e-4,0.002429674935247226,0.002458396479873526,-0.003348750909188485,0.004531639914570806,1.000828007503082,4099.232171927567,3037.989267813885,Thymelicus sylvestris,male
b_Temp,-0.09485186405676375,-0.09505728494769736,0.07842405416765835,0.07510910187344372,-0.22269360975102684,0.034535307109039716,1.000633919450656,4147.916508628425,2758.791044543253,Thymelicus sylvestris,male
b_Latitude,-0.15555085250441844,-0.1551469487185239,0.13127129501157078,0.13164926649497288,-0.36893676038425083,0.06038134513459062,1.0001793910986287,4520.358904703205,2847.3800311447512,Thymelicus sylvestris,male
sigma,0.5172550305507724,0.5136612678519494,0.051400037280637426,0.05099238956519506,0.4405578322053791,0.606796182770027,1.0003893912657154,3392.638509663727,2943.6602704505744,Thymelicus sylvestris,male
Intercept,12.857499814159754,12.857517662264705,0.0672835849371501,0.06663532205402951,12.747306095926003,12.967865810360067,1.0005047271245338,4478.456810253381,2780.287073317326,Thymelicus sylvestris,male
lprior,-6.344947823573578,-6.344704294482737,0.025731665180620478,0.025464592381808596,-6.388139409017365,-6.303061801699267,1.0004641602644415,4497.866015731329,2600.713209501464,Thymelicus sylvestris,male
lp__,-49.53124419536765,-49.205322598634524,1.6252448962239794,1.4598835694419563,-52.56060353251415,-47.513396048030735,1.0010339059337603,1746.2543505764904,2467.294616494869,Thymelicus sylvestris,male
b_Intercept,12.06643538142859,11.996287483768004,13.662850761380652,13.926205040247105,-10.279556438657005,34.15427225509549,1.000573561282607,4446.565113650173,2966.7646940656628,Cupido minimus,male
b_Year,-7.181720391810778e-4,-7.461408479267303e-4,0.0028731808027053062,0.0028255235472014247,-0.005397432895824254,0.004115214252221812,1.0000015611426007,5266.185708623125,3610.8291356577806,Cupido minimus,male
b_Temp,-0.2112755761249963,-0.21404817132359472,0.13672779438176513,0.1344020724075862,-0.43653095194430697,0.017390068637795335,1.0023717055026358,4389.893102790811,2841.36625320926,Cupido minimus,male
b_Latitude,0.07628315726878655,0.07581259897111409,0.23231534905718185,0.23926885101003226,-0.3046604030372083,0.4544928258903358,1.0009303061373533,4266.779571931517,2812.7095071238114,Cupido minimus,male
sigma,0.7859353958305744,0.7807564141829921,0.08010319435288614,0.0792599799747422,0.6665349346462793,0.9281442436963967,1.000555898695511,3642.9132118012885,2807.2888679468365,Cupido minimus,male
Intercept,11.3335381448239,11.332981230339362,0.10612737892998704,0.1058327141813489,11.156728754622474,11.508418559718345,1.0023884260999327,4084.1118947258897,2623.0119160804034,Cupido minimus,male
lprior,-6.920516022291881,-6.9194750970416985,0.03800061895078141,0.03664344885858757,-6.984891759645109,-6.860547943869272,1.001825399479256,4109.746082376109,2709.374482442283,Cupido minimus,male
lp__,-71.18988120238323,-70.86298218363461,1.617806680704355,1.4562011265253298,-74.29248481938941,-69.21400887514656,0.9996129755357396,1881.9384972861426,2328.7953108638385,Cupido minimus,male
b_Intercept,-15.848142367213896,-15.884534673569211,19.255315248522294,19.684593792244044,-47.67123335229888,15.799470741270445,1.0005753454280615,5019.664386987696,3407.687628307474,Melanargia galathea,male
b_Year,0.01246671452470454,0.012447329362097184,0.004283069692947474,0.00431234065741024,0.005456874354814821,0.01951142371642194,0.9994913808960364,5180.5959583005915,2590.3056908471367,Melanargia galathea,male
b_Temp,0.4599999084118903,0.46269930073607,0.17705350921726368,0.17547687685480406,0.1642589348686485,0.747337008217836,1.0000317749215317,4690.988606231032,3106.5457501274245,Melanargia galathea,male
b_Latitude,0.16157524207761306,0.15762844008237623,0.3224331822484275,0.3232104934310795,-0.3627510016533475,0.6944609451748529,0.9993797482233489,4950.634703282263,3274.8474228574764,Melanargia galathea,male
sigma,1.0688100500158573,1.0613107290843369,0.11156510375440053,0.10965322954785806,0.8989701724233368,1.2610403915707988,1.001634965357719,3471.5591827222215,2831.078100423043,Melanargia galathea,male
Intercept,23.674495647123997,23.67302007294793,0.1463811773205742,0.14040547543493487,23.432485531053423,23.909966756404387,1.000784242699362,5065.132856021846,3162.997901346508,Melanargia galathea,male
lprior,-3.748932152624112,-3.7458735667470338,0.06068147363760624,0.05818671028773144,-3.8523992507551523,-3.6560444555841407,1.0014637930581491,4657.064205098618,2945.218252103904,Melanargia galathea,male
lp__,-83.32633678466627,-83.03419350715696,1.6503568035081797,1.4543580800727407,-86.46448241960618,-81.28348186111587,1.0008785449187327,1674.795134793799,2372.773439434796,Melanargia galathea,male
b_Intercept,79.95416109645596,79.68742013667895,19.04171362837284,18.846057823425387,49.18728723159867,111.93671566632905,1.001807108489547,4433.497505902943,3190.9736092666167,Argynnis paphia,female
b_Year,0.0015834449341907931,0.0016051009601699606,0.005919242899581541,0.005673970490933289,-0.008166872918822832,0.0114739739274722,0.9992688282649471,4675.023405967315,2809.8967872432186,Argynnis paphia,female
b_Temp,0.011961235526383205,0.009758872001932456,0.2083514737915074,0.21100014739606968,-0.3236326606746077,0.354624296611785,1.0000521333353347,4693.512310645705,2805.0363196153744,Argynnis paphia,female
b_Latitude,-0.9729528499163462,-0.9676208829887343,0.3165123409527221,0.3148329125789159,-1.493453002423035,-0.461391970662283,1.0016459682175531,4657.925864652034,2937.065901771964,Argynnis paphia,female
sigma,1.3639751426342028,1.350637240619454,0.13549322186632629,0.1310749349051104,1.1624583139650555,1.6080583793502385,0.9996892676193107,4415.234119187592,3192.4635160410785,Argynnis paphia,female
Intercept,33.32329502702675,33.325034094388926,0.18941861905243423,0.1843571492281921,33.00555487343006,33.627480293842275,1.0003335994133828,5237.345687365951,3039.8392871009646,Argynnis paphia,female
lprior,-7.630885967616741,-7.62683680504079,0.06612189076466111,0.06425984156071651,-7.74607103727615,-7.526895549506747,0.9996048264819917,5080.44953670973,2996.2991402358207,Argynnis paphia,female
lp__,-98.43125300441203,-98.12821932120676,1.6557977699940833,1.5041776029328875,-101.5854064864923,-96.40465139072684,1.003758241273834,1946.814485282148,2341.0067325632,Argynnis paphia,female
b_Intercept,18.075397483795058,17.97420598008901,7.064104397707933,7.069521085416819,6.613686521493696,29.88898625156517,1.0005620881842803,5363.653391141676,3691.218474667478,Polyommatus icarus,female
b_Year,-0.0021462460777660593,-0.0021476814310296788,0.0040947333747903495,0.004064847635069728,-0.008733560429197719,0.004541255429819036,0.9997103253670732,3077.2527435262564,2791.0424554073857,Polyommatus icarus,female
b_Temp,-0.3401778384457346,-0.340184748276331,0.13105701556276986,0.12822009862143832,-0.5533186431499826,-0.12440913306652152,1.0001295079172539,2555.2048344076065,2766.3753742725307,Polyommatus icarus,female
b_Latitude,0.10555965047017324,0.10517174401611934,0.10832069916833195,0.10153516413453195,-0.07169890177631011,0.28524720209222687,1.0006410343532823,2318.3846568046447,2175.6713632465794,Polyommatus icarus,female
sigma,0.8543458487056107,0.8466814277736396,0.08897108073346784,0.087313962931534,0.7240613065894945,1.01110477496042,1.000976571360301,2909.9598250180306,2494.2302003602276,Polyommatus icarus,female
Intercept,14.258178985494327,14.260128380040978,0.1170021122290776,0.11298533686193095,14.064023980415937,14.446359034383104,1.000342036660128,3902.5158008850944,2969.3584668028584,Polyommatus icarus,female
lprior,-5.845766194547648,-5.843728211234116,0.0506715116495532,0.04965372557182054,-5.931674195159271,-5.766840016568075,1.0013487012220246,3674.61103602433,2735.5640669713644,Polyommatus icarus,female
lp__,-72.25743071321399,-71.88358582709064,1.7148937304548417,1.4984881608858693,-75.52114300902441,-70.21012763070951,1.0001676391959302,1827.1255901139864,2735.844173560468,Polyommatus icarus,female
b_Intercept,14.052099952764163,13.959567111140933,18.535625275737086,18.35397077150214,-15.653959415658369,44.97683547875714,1.0009152000516806,3213.696690136495,2781.8198296881937,Anthocharis cardamines,male
b_Year,0.018213745176102993,0.01826481931322109,0.007007467328600073,0.0066650617568059,0.0064698761748899995,0.029611293899064486,1.0007540370953685,2833.5394148014893,3070.6041428785975,Anthocharis cardamines,male
b_Temp,-0.5817749827830433,-0.5866858930864551,0.34017079492372676,0.3422673130448557,-1.152277111739405,-0.02374883497135179,1.0005790330586073,2032.4621271093545,1908.851223159028,Anthocharis cardamines,male
b_Latitude,-0.3982295029054814,-0.40348982925006094,0.2484147730234774,0.2468134142262165,-0.8063453330323346,0.004812495631285595,1.0007744911883707,1889.8658101248443,2034.713042723986,Anthocharis cardamines,male
sigma,1.555096102557906,1.5409704280286634,0.15994535913279234,0.1533646142699285,1.3188400126696886,1.8451992459453779,1.0041932328914107,2782.7941974094197,2764.5875003711894,Anthocharis cardamines,male
Intercept,19.863134037629102,19.864478227351746,0.2153765227437805,0.21541727650473683,19.51311668213864,20.209049373530448,1.0014827874077195,3000.279768611819,2735.361935984943,Anthocharis cardamines,male
lprior,-3.626373450800914,-3.6180029013811383,0.07704364323060985,0.07447770914802461,-3.764545885954066,-3.512676284576867,1.0003357971179558,2986.3949402350054,2547.800140502978,Anthocharis cardamines,male
lp__,-99.52042330611226,-99.15981497038263,1.6961510150270795,1.5007090652261412,-102.7545646375338,-97.44448503481964,1.0023500963148344,1646.9434520787245,2440.841478234786,Anthocharis cardamines,male
b_Intercept,19.694361870858497,19.99369602915393,36.15696187444061,35.91757768299562,-39.259069097427165,79.48692527701428,1.0035749618491383,4868.175445196209,3053.506338477156,Pyronia tithonus,female
b_Year,0.012137310568605389,0.012020223023976599,0.009749694792874823,0.009615630688416855,-0.003671431926318742,0.02816616593799698,1.0009550653112214,4465.296521750599,3105.7482920852094,Pyronia tithonus,female
b_Temp,0.029695069845098846,0.029038098737559703,0.3557770849937626,0.34459113365175775,-0.5562588122951946,0.6131459240835765,1.0013488821985095,4431.453805402157,3244.3201002585724,Pyronia tithonus,female
b_Latitude,-0.4676669035354712,-0.46692313334936386,0.6933776395216744,0.6858653943411989,-1.6208112210694363,0.6611348030114094,1.0032480922665035,4498.528658044527,2674.2445509935123,Pyronia tithonus,female
sigma,2.219505761349117,2.200970131961726,0.23079590197570124,0.23256112706390444,1.873903168755299,2.6218141579711554,1.0010631982586324,4202.715618547865,2829.753701807844,Pyronia tithonus,female
Intercept,19.651762493765432,19.645575863987524,0.3065922186440342,0.30654703511500275,19.14683813178433,20.157830115995598,1.002307892900605,4928.231180834987,2862.305278820771,Pyronia tithonus,female
lprior,-3.918538411625794,-3.9081838880403117,0.13107294429333316,0.12990565356109707,-4.149054510308753,-3.723426670242738,0.999768606943444,4595.971010408368,2727.3198950840624,Pyronia tithonus,female
lp__,-118.04745850435562,-117.70816745746546,1.6453166846117988,1.470610242411736,-121.17083813562694,-116.01571950262645,1.0031656148247223,1821.4572775850227,2604.7225442427666,Pyronia tithonus,female
b_Intercept,37.12164232918655,37.16546770570197,18.45896625023648,18.202086612959086,6.907184775442978,67.24147161780625,1.0010047395677117,4019.9352752735012,3039.510773944173,Lasiommata megera,female
b_Year,0.0047986641723836414,0.004862657913570719,0.004095843991997102,0.004113631350110421,-0.001809663445422926,0.011462158855203793,1.0010379903611446,4461.440847245246,3074.519068165467,Lasiommata megera,female
b_Temp,0.26258423629886823,0.26115844337222693,0.1452506836527662,0.1430710681368275,0.02043243479306639,0.49488644812986393,1.001098709052495,3884.2598475120326,2685.2186495989154,Lasiommata megera,female
b_Latitude,-0.5393766018538473,-0.5406431107497114,0.3324198906193362,0.3265894800407771,-1.0870693500343567,0.005209269264189717,1.0002195117119421,4021.5349767020107,2643.1943651640763,Lasiommata megera,female
sigma,0.9416828749363351,0.9316694174062272,0.09877593339331657,0.0977234039021125,0.7953806959000277,1.1161131502232597,1.001315293869351,3805.452171731801,2790.0599063202008,Lasiommata megera,female
Intercept,22.915215334852462,22.917446092405555,0.13262367944888817,0.13421470612310302,22.700599731667374,23.133127983826213,1.0025486599162317,3902.343451772309,2956.6642992034144,Lasiommata megera,female
lprior,-3.466858247167573,-3.4638377709863364,0.0422346921571932,0.04248332290470275,-3.54301157323622,-3.4036245980948743,1.0006603542906958,4444.350821811998,2791.587529451072,Lasiommata megera,female
lp__,-72.13971775548096,-71.77098838299443,1.6854149610198421,1.4771445803497603,-75.32281727374216,-70.08163876215187,1.0029939600868112,1699.3189490869865,1990.1720523794538,Lasiommata megera,female
b_Intercept,23.72535921232825,23.67207792704923,18.748421317162826,18.794108573977905,-6.866551046400572,53.76507927277801,1.0006968573157469,4716.887436282784,3282.651608989007,Polyommatus bellargus,female
b_Year,-0.005895045956837642,-0.005887541491004436,0.002906416095640374,0.0028281836195041916,-0.010668253811656724,-0.0010985553348870948,1.0010793494102888,5126.109868872122,3120.485850310184,Polyommatus bellargus,female
b_Temp,-0.18161809278958418,-0.18034095587527005,0.12926741811892875,0.12742911667908788,-0.3963085577227316,0.023800552912286294,1.0006741432148853,4724.3904024471185,3114.2407189625837,Polyommatus bellargus,female
b_Latitude,0.10755478288579118,0.11396310163351589,0.342189612673106,0.34394261324478825,-0.44898628436522203,0.6748741911759728,1.0001486614449286,4597.454109519189,3074.210020638788,Polyommatus bellargus,female
sigma,0.7587749160098703,0.7510342984758748,0.08288772767639928,0.0832786435584715,0.637027919948298,0.9048362121423513,1.001182598246539,4337.09726288066,2907.241200735133,Polyommatus bellargus,female
Intercept,14.901651377817958,14.901744401743883,0.10567061954660918,0.1057840832275823,14.729452603585814,15.073696266480486,1.0006836042760852,4743.963460679378,3040.599999011151,Polyommatus bellargus,female
lprior,-5.560881535255677,-5.55925579552319,0.04711028312610691,0.04718072118077249,-5.638777027890236,-5.485131960405095,0.9999546475624578,4809.046173464646,2990.8037150540285,Polyommatus bellargus,female
lp__,-62.28881708688275,-61.93110351872487,1.6568598110301764,1.4359356376094794,-65.493231342747393,-60.29148005564171,1.0010221323278974,1834.6351226928557,2269.0409576357574,Polyommatus bellargus,female
b_Intercept,22.12216836683327,22.160167913377872,20.014474052744994,19.397503577663773,-10.909572228906951,53.691471351450765,1.0004239968131852,3491.7716370301764,2567.222318249295,Gonepteryx rhamni,male
b_Year,0.011328595368524682,0.011393425857207571,0.004443351514674836,0.004449141415146791,0.004044208310550226,0.018478449036658698,0.9997427005742949,4560.322812550768,3138.7463046915723,Gonepteryx rhamni,male
b_Temp,0.05660516789479142,0.0555668952881255,0.19421896375473857,0.1921215987770055,-0.2580979138611871,0.38242629423717656,1.0012479208895728,4298.075888489663,3088.467197716334,Gonepteryx rhamni,male
b_Latitude,-0.31616730654624914,-0.31674656104905274,0.27629881812989915,0.27085517930204533,-0.7593822019537458,0.14444185421026387,1.000485400732484,3710.260442364271,2987.6819433909395,Gonepteryx rhamni,male
sigma,0.9857312274447232,0.977047045325918,0.1097632713123458,0.10478771256509663,0.8231882151659032,1.1800919331585986,1.0016316623205588,3505.7751919031057,2757.4276638902584,Gonepteryx rhamni,male
Intercept,28.71984576093327,28.717481100950693,0.13809308103305282,0.13448390191762022,28.492414386655792,28.95082611776669,1.0014199048876455,4603.910647827462,3087.3854186400904,Gonepteryx rhamni,male
lprior,-5.9431940812094455,-5.941604276119075,0.059715834071713575,0.05927342056000799,-6.043855210584308,-5.849524335186004,1.0017613470515616,4635.682117944354,2901.163604645497,Gonepteryx rhamni,male
lp__,-74.15124265500259,-73.77169170645925,1.7122541081545366,1.4868067343022053,-77.46409820528811,-72.09742758133237,1.0005176144273102,1783.1051945097752,2343.68437294596,Gonepteryx rhamni,male
b_Intercept,35.22309110980206,34.915826271163176,11.801421542091587,11.41867970524254,16.400853676518416,54.98841521770532,1.0009877720621172,4336.278436899687,2968.8984625569497,Favonius quercus,female
b_Year,-0.002756208407367574,-0.0027725847312434515,0.0041565466517404824,0.004033093369064021,-0.009667005475816885,0.004047755796950987,1.0010830771318502,4559.494078401336,3086.2110677815954,Favonius quercus,female
b_Temp,-0.2478152648420935,-0.24716183143519543,0.1908542323356377,0.1912614545961671,-0.5592883352577362,0.05787583786380623,1.0008134533138997,3385.635748344129,2790.5426593037864,Favonius quercus,female
b_Latitude,-0.2348435640782879,-0.2311236731126858,0.16876531802852332,0.1699459297968177,-0.5205039009659067,0.030322141204147997,1.0002770785056543,3571.735402897455,3148.0116142525403,Favonius quercus,female
sigma,0.889689402832351,0.8814216707825686,0.0988846941216962,0.09648292883256486,0.7436927347123847,1.061825134362591,1.0000396142623378,3869.1631468839487,2516.979490305826,Favonius quercus,female
Intercept,15.74357256031862,15.743575996758153,0.1306682117945847,0.1290548224205351,15.527995124145447,15.958794643311485,1.0008955359718605,4325.827119952224,2687.3036962596884,Favonius quercus,female
lprior,-5.21589429141779,-5.213784763300328,0.06020691040565276,0.05903086802234732,-5.320069394090597,-5.121104798641186,1.0024272641109564,4405.9226819070755,2784.4861427634514,Favonius quercus,female
lp__,-66.98466230936685,-66.62715014218827,1.7022112977398487,1.5003226302179058,-70.3256228987289,-64.90005301517745,1.0019013372193109,1795.5172467357402,2417.081889684983,Favonius quercus,female
b_Intercept,1.1442584628399541,0.9185647932229157,18.001024472926428,17.872131114680656,-28.50181540000014,30.923321189140907,1.0019626592115194,4800.315308327665,2705.661637298085,Celastrina argiolus,male
b_Year,0.0054767015867730594,0.005466901806165152,0.004922944218363596,0.004998433965260345,-0.0025715708359022394,0.01335581348802803,0.9999463388624904,4889.58373579612,3452.667508535357,Celastrina argiolus,male
b_Temp,0.2910958359505113,0.289422914903821,0.19082828386001063,0.18652384628323188,-0.01883896903617046,0.6071308617658187,0.9999726075857358,3895.8682630253998,2692.612827205783,Celastrina argiolus,male
b_Latitude,0.0242087707607246,0.027682856393735807,0.28130282958157166,0.27593489293534246,-0.43982256743301057,0.49366032854685216,1.0021552103989193,4089.594555404496,2743.2715113173454,Celastrina argiolus,male
sigma,0.9574043419883929,0.9475352859061594,0.10944363256898537,0.10495371021794773,0.7939285781250787,1.1485490579468824,1.0014049855413414,3401.6276259109873,2897.4537839935265,Celastrina argiolus,male
Intercept,15.481410168799693,15.481777396748539,0.14152121845622695,0.13741925269949273,15.242735368231918,15.712780281619997,1.0023382977730795,4350.397198333926,2787.7371641528275,Celastrina argiolus,male
lprior,-5.344947249750813,-5.342745284336392,0.06453540867353476,0.06354792668651918,-5.45489341010758,-5.24261372067015,1.0025989032374043,4175.018213475726,2840.554693047013,Celastrina argiolus,male
lp__,-69.22322059230287,-68.87121393064967,1.6508535067977006,1.4913758809886322,-72.32871413023324,-67.17003876851935,1.0002786781813775,1750.0704811805688,2497.561920240063,Celastrina argiolus,male
b_Intercept,30.079575898938113,30.000032586144773,9.66882404630888,9.97859738468207,14.315862489829287,45.86073302227187,0.9996164997096251,4353.976868869437,3562.124551908046,Lasiommata megera,male
b_Year,0.0029439149351956485,0.0029926036143720085,0.0035456842838432895,0.0034510446100155055,-0.002993258233199065,0.008791449746355139,1.0008425826618526,4531.555076466243,3088.7882099447847,Lasiommata megera,male
b_Temp,0.024976394968453452,0.024465915784555856,0.13260897002315022,0.12826759906009888,-0.19124127211359762,0.24075478724366234,1.000078557980782,3109.0571522941987,2899.2586446285736,Lasiommata megera,male
b_Latitude,-0.27993284027997223,-0.2806080640092631,0.14103335051422616,0.14295436285600885,-0.5103126226245429,-0.04838130026594255,1.0003616473934196,3499.2629373719074,2996.131778094601,Lasiommata megera,male
sigma,0.8009042914396067,0.7930783080246495,0.09032396956309455,0.08623877366951659,0.670522243456368,0.9658561417243997,1.000597469799067,3536.6335589676337,2783.4758100310423,Lasiommata megera,male
Intercept,21.7365136309068,21.736202896376746,0.11945836853170767,0.12153662383226192,21.54176518914317,21.92806942841297,1.002108667592363,4218.186269467679,2674.680739096861,Lasiommata megera,male
lprior,-3.2228061890324926,-3.2204082663960594,0.01787895623407764,0.016598526961583683,-3.256352702359205,-3.198298963291107,1.0023286216585552,3569.23743809683,2870.7071091923467,Lasiommata megera,male
lp__,-58.97771937452665,-58.63448957815386,1.6675862293539783,1.4719689150256234,-62.22719208268087,-56.896900990937375,1.0013355419214605,1755.1954487842222,2667.3325829183536,Lasiommata megera,male
b_Intercept,-39.61507711273501,-39.7225731700952,31.84452078696953,31.022308752431524,-91.50579258702142,13.881258234931254,1.00004015686582,4310.884190723184,2952.0874085751057,Melanargia galathea,female
b_Year,0.007556412366861992,0.007551251288588857,0.006286117367990823,0.0062459713529379015,-0.0026402495378815673,0.01781815442823723,0.9996165288392549,4631.421426334716,3335.6774220120724,Melanargia galathea,female
b_Temp,-0.2659889784454241,-0.2690137351091376,0.27182371660943416,0.2729395567997303,-0.7120797654502906,0.18638465457173514,1.0001604488789964,4386.36326250103,3205.9134493206,Melanargia galathea,female
b_Latitude,1.0689393663348183,1.068627098987121,0.5238542862329241,0.5106902763822158,0.20839252036493683,1.917720132756188,0.999975496267578,4543.618870664589,3014.5859054087323,Melanargia galathea,female
sigma,1.4411360103320212,1.4255722274966334,0.16379128491776265,0.15514760550431014,1.2045654097705003,1.7359186017194927,1.0022903401660643,3570.627234827216,2774.811750005597,Melanargia galathea,female
Intercept,25.946310502781262,25.944400693823805,0.21379312505928524,0.20760415647504726,25.60059913462658,26.304589058186,1.002901856953254,4555.359111142737,2456.4446828085547,Melanargia galathea,female
lprior,-4.839334793542554,-4.833194139652875,0.10767546148515025,0.10495941059089375,-5.023724459158909,-4.674301045984791,1.001278439329418,4827.090117979759,2767.349382713367,Melanargia galathea,female
lp__,-87.80059004385951,-87.42601466553869,1.694939898343816,1.5130818387606235,-90.99157502891711,-85.72696370770504,1.0003381371605455,1903.8206269501436,2277.3547657982676,Melanargia galathea,female
b_Intercept,0.8251839280291258,0.7622296991405744,23.472426748504837,23.59244192815263,-37.39229812692329,39.9582098581514,1.0015536157545022,3061.4987690158855,2421.1170497199178,Maniola jurtina,female
b_Year,-0.003325326192446113,-0.0034978322022179527,0.009373643388989232,0.009109082394997733,-0.018905708660743384,0.011962863808717455,1.0008425742535296,3773.909430337277,2298.740637378307,Maniola jurtina,female
b_Temp,0.3486028040667666,0.345927702366216,0.2832950281174149,0.2766335108447043,-0.10981065255189276,0.8176932256017257,1.0019149971301131,2191.6265794658393,2359.4790648569856,Maniola jurtina,female
b_Latitude,0.4715652508621702,0.4743172080587568,0.23277603686052986,0.2254387886094781,0.08724298312413983,0.8523396642668973,1.002011871121666,2184.9857154921815,2409.939026911638,Maniola jurtina,female
sigma,1.357267466941246,1.3432708989049857,0.16219683968023996,0.15320718947971199,1.1225876288409717,1.6435288255650577,1.0021664985506864,3195.0805210008652,2983.0748880517895,Maniola jurtina,female
Intercept,24.175751984053896,24.176680199163087,0.21523446263874008,0.20262579570423844,23.81651838268157,24.527480356140615,0.9999799958009855,3262.2082036985125,2217.16494787415,Maniola jurtina,female
lprior,-4.020676136594152,-4.014918553148266,0.0984287036511664,0.09361664580335755,-4.190445725983107,-3.8698636961257344,1.0006007042991056,3737.7893405276777,2440.9005994406325,Maniola jurtina,female
lp__,-77.42909569223619,-77.04123588645191,1.7581894237024545,1.5318755934312882,-80.83427633319816,-75.29681963145306,1.003017173227815,1992.858501996078,2183.0941769894193,Maniola jurtina,female
b_Intercept,-23.61441820250063,-23.764202845226755,22.126311429343115,21.619232241620782,-60.344617385546876,12.771670681956564,1.0014470396770434,4449.760701252147,3083.419343286591,Hesperia comma,female
b_Year,9.570009080450802e-4,9.050866380885315e-4,0.003105254847402244,0.003124188266462635,-0.00403592269623939,0.006071794664613848,1.000316431791465,5677.312892248979,3293.1757974153174,Hesperia comma,female
b_Temp,-0.2421196399777772,-0.2372854921652822,0.18090982354302745,0.17892176471187327,-0.5412158107280457,0.05255525658962173,1.0022843747717096,4553.995887950712,2782.368753041517,Hesperia comma,female
b_Latitude,0.7459787632884757,0.7464435566506811,0.42514882292370254,0.419000588693324,0.05824781079065177,1.449896349045177,1.0007618914255856,4394.843554504071,2921.712745318698,Hesperia comma,female
sigma,0.6579151349273229,0.6505768442121878,0.0781317395429991,0.0751031120031698,0.5450563282647729,0.7990038025016667,1.000635556912521,3938.3751490161626,2634.8375621247455,Hesperia comma,female
Intercept,14.515710394666499,14.515757770410687,0.10203270095602535,0.10080174810784412,14.346761172701054,14.679173075254175,0.9996636667007549,4466.077503652578,2850.904669686633,Hesperia comma,female
lprior,-5.708590890953367,-5.706383127837997,0.043330417921837956,0.04226428318585025,-5.784589874620087,-5.64036713534319,0.9998778816907887,4495.9174794758455,2744.5638514634975,Hesperia comma,female
lp__,-47.34663149439876,-46.99748187496728,1.6703299773519376,1.4998660703922961,-50.566538556129686,-45.30643141219835,1.0023361603951444,1828.7352577025729,2897.4779393532435,Hesperia comma,female
b_Intercept,-22.340094123859984,-22.446657524437406,19.301711366067213,18.249839461145605,-55.02382039014432,9.339374101274018,1.0013401062254228,1936.2333343541482,2240.4806245385157,Maniola jurtina,male
b_Year,0.013019427773322198,0.01293539926953368,0.005443823296715506,0.00528883848932516,0.0041095014515235544,0.021978769704763913,1.000567127744167,3095.2020263069553,2704.258041946842,Maniola jurtina,male
b_Temp,0.2648236887961827,0.2681182042766125,0.2043133056867967,0.20313229395010707,-0.07432863522715348,0.5944754100275357,1.001820400627405,1933.2834449366678,1990.5989205102865,Maniola jurtina,male
b_Latitude,0.3005811120608086,0.30400370368455887,0.18931820748097217,0.18493884098265762,-0.014940237630050304,0.6111743685739468,1.0019697240358867,1967.5881898687512,2444.4222316280284,Maniola jurtina,male
sigma,0.9230230816338066,0.9128476498052082,0.10851189102982704,0.10106021883660095,0.7612281488260576,1.114378290234894,1.0025391951081661,2456.785524694706,2445.1430801828774,Maniola jurtina,male
Intercept,22.34652929505339,22.347576119654516,0.14390704963921397,0.14102170121742424,22.114051874841067,22.581927126065885,1.0005365238604529,3297.8741672659207,2545.9463298271025,Maniola jurtina,male
lprior,-3.326436648421467,-3.3215319917076016,0.035336505719595575,0.03358707579539257,-3.390925809098799,-3.2781721688422802,1.0013361587112892,2981.6447361496384,2338.2252361549986,Maniola jurtina,male
lp__,-58.97247864228635,-58.65330721823315,1.656845975317915,1.5122033654370817,-62.19424913585444,-56.929320568625265,1.0021899180247078,1694.2617575183747,2403.275569825961,Maniola jurtina,male
b_Intercept,72.9868990393651,73.38990236344247,18.165627451340715,17.915404424609623,42.5797116108632,102.72303676886906,1.0001314386334021,4552.4473178215685,3187.285446152493,Pieris brassicae,male
b_Year,-0.008466116517951509,-0.008485225359587645,0.006355947312561783,0.006329615240715929,-0.018802924836187476,0.0020388712012362007,1.0019912645559246,5158.492739402093,2913.0853273832972,Pieris brassicae,male
b_Temp,-0.2963742204620072,-0.29427777112367137,0.2286830260691757,0.22180162910007753,-0.6741186424265496,0.07665578535313108,1.0005670536907703,3774.2821929794645,3192.3033946324013,Pieris brassicae,male
b_Latitude,-0.43876540201322733,-0.43661538057379434,0.2333711231062084,0.2286701237423537,-0.8179130438262129,-0.0540756962818267,1.000743450186701,3886.357504159839,3034.8007094415807,Pieris brassicae,male
sigma,1.3292432872766653,1.3152358086129134,0.15777611383807172,0.15338304740292386,1.0959540321147803,1.6121636967069957,1.0015678542453028,4054.099551129507,2811.921563096735,Pieris brassicae,male
Intercept,29.548621109944932,29.54919260455204,0.20464098788453772,0.2026297432499053,29.20528897208032,29.873546180699055,1.0008743369613828,4237.305185781992,3082.3890157476308,Pieris brassicae,male
lprior,-6.349194931229378,-6.345361755992867,0.08680029869338296,0.08475011301883442,-6.500534557730416,-6.212261266010495,1.0016136449522677,4442.279327330298,2896.3782959604455,Pieris brassicae,male
lp__,-76.96886207161613,-76.64841328265783,1.6537765744270243,1.5215821596947388,-79.90821212410465,-74.92804020001397,1.0022461533438891,1866.2890827382516,2321.931710374964,Pieris brassicae,male
b_Intercept,154.85909613946356,155.0327146154156,43.15791646770634,42.622741690098394,83.45943495032118,225.3637460885097,0.9997871463753223,4726.969221862022,2663.688842297772,Pieris brassicae,female
b_Year,-0.01966210006799823,-0.019516731943634087,0.010621456331742631,0.010477642311098835,-0.03717418347273551,-0.0020924155797553156,1.0000410170372813,4505.064797450849,3001.441915815299,Pieris brassicae,female
b_Temp,-0.2422892973596706,-0.23642008098809944,0.34942148363610837,0.33765002037217606,-0.8105404968647965,0.32639996069789917,1.0006787455733892,4452.203583847926,3075.388524532891,Pieris brassicae,female
b_Latitude,-1.621830953820469,-1.6193614124332987,0.7708471230296914,0.7705230741302085,-2.90777015985265,-0.36509942053411637,1.00053260835772,4575.717203065406,2762.8570447016173,Pieris brassicae,female
sigma,2.2459937030322425,2.2170521514677177,0.27422642231493394,0.2629583198827864,1.85692782539681,2.742012965391534,1.0003912756703373,4152.640548834085,2988.252678357473,Pieris brassicae,female
Intercept,30.223216781667976,30.218664284001434,0.35030954830842226,0.34846977674700924,29.65465310152165,30.803355069295208,1.0005648315261557,4727.789905775585,3091.5891500251805,Pieris brassicae,female
lprior,-6.898428053471843,-6.888568792375984,0.16086791382227586,0.15338649057976378,-7.179668545506194,-6.657085968515191,0.9998058630765548,5197.099835460961,2608.489534095858,Pieris brassicae,female
lp__,-97.0192622490836,-96.64648814771107,1.736224350096497,1.4962420559547727,-100.3598603787297,-94.9474336892419,1.0010969807741554,1926.3845058172533,2402.072065767519,Pieris brassicae,female
b_Intercept,-0.800023674306607,-0.8698309646882167,13.40109753343231,13.200868015633386,-22.085523818240052,21.166579481011105,1.0012389364457484,4528.526164283107,2599.155383922503,Thymelicus sylvestris,female
b_Year,0.005182399446003825,0.005185288966579247,0.0025258030633487846,0.002527370959948946,0.0011057980239669537,0.009251937970357234,1.000781644045475,5493.058675049396,3389.565317929451,Thymelicus sylvestris,female
b_Temp,0.33672942397600514,0.3352288727800391,0.12551475414920313,0.11994107673200376,0.1350707734166738,0.544812645268149,1.0009347364345167,4491.372988087192,3019.401916186851,Thymelicus sylvestris,female
b_Latitude,-0.02023847856424626,-0.0234537936538368,0.24387487398005542,0.239036200043586,-0.4160728176003355,0.3744634417204066,1.001216727249332,4356.7643772765705,2464.6910586230233,Thymelicus sylvestris,female
sigma,0.6051936227281244,0.5968911471203426,0.07541000983077259,0.07164276286572772,0.49539098436541584,0.7344447223036794,1.000067832580231,3211.0068191726677,2423.8101153454377,Thymelicus sylvestris,female
Intercept,13.41747345116386,13.41796962716588,0.09809324545186579,0.09727752665603868,13.259967578992276,13.579582817088529,0.9999599171103956,4496.233985592688,2916.694478589999,Thymelicus sylvestris,female
lprior,-6.142844943051659,-6.141624461814869,0.039756047933135266,0.0381056175612557,-6.210307794183407,-6.079310385918363,0.9997196454362187,4388.808403547257,2371.5292525725226,Thymelicus sylvestris,female
lp__,-43.26272073363133,-42.87779274867101,1.7782983465401978,1.5524888497433014,-46.60569007070861,-41.12745062149233,1.0006180027270226,1472.7429068958854,2292.2365455363797,Thymelicus sylvestris,female
b_Intercept,35.78556128256658,35.91727197955281,27.054933844533466,26.21883952240858,-8.501992694717533,79.78709049533231,1.0000278908686366,4118.664757713944,2879.703185527517,Celastrina argiolus,female
b_Year,0.005989793720980761,0.005936838981205303,0.007231010932049427,0.0071980276375236,-0.005745778116224887,0.017718902529745967,1.000866507875959,5394.632474199955,3169.776006997393,Celastrina argiolus,female
b_Temp,-0.00347121831940793,-0.007766095220842671,0.25532495264740396,0.2574608939328992,-0.4099693241567658,0.41804998164653706,1.0017715332664776,3071.0493779534363,2619.547105387352,Celastrina argiolus,female
b_Latitude,-0.628887478133891,-0.6261277897704685,0.42801568166937415,0.42516359855688873,-1.3232546198681685,0.07064912667324352,1.0004385688005424,4034.7566342640584,2902.660534728971,Celastrina argiolus,female
sigma,1.1627336227346052,1.1504117267373666,0.14281152364131372,0.1370370548672918,0.9571488593847209,1.4233538716394212,1.0012194679238655,3726.403006780207,2529.4675876741708,Celastrina argiolus,female
Intercept,15.021837261077806,15.020801910960865,0.18137079991795524,0.17918011286959185,14.726584238656415,15.322586534918047,1.0000230809871005,4543.334757073627,2919.4383542855444,Celastrina argiolus,female
lprior,-5.589028432753704,-5.585254794884537,0.08414460047271403,0.08261556072275388,-5.7343900452513825,-5.457921035581072,1.001657947895268,4527.102182557093,2856.744419487993,Celastrina argiolus,female
lp__,-67.60767924232599,-67.2559628833706,1.6535262871693452,1.490691275530968,-70.73472306570974,-65.5783195930085,1.0011940434682143,1712.796521801656,2381.7302282603555,Celastrina argiolus,female
